Lliga,Temporada,Nom,Equip,Edat,Posició,Partits,Minuts jugats,Gols,Assistències,Targetes grogues,Targetes vermelles,Xuts per partit,Efectivitat passades,Duels aeris guanyats per partit,MVP,Valoració
Espanya,2009/2010,Lionel Messi,Barcelona,36,"MP(CD),DL",30(5),2841,34,10,3,-,4.7,85.7,0.2,14,8.67
Espanya,2009/2010,Cristiano Ronaldo,Real Madrid,39,"ME(I),DL",28(1),2490,26,7,3,2,7.3,79.7,0.9,13,8.54
Espanya,2009/2010,Gonzalo Higuaín,Real Madrid,36,DL,28(4),2401,27,5,3,-,3.1,81.5,0.1,6,7.90
Espanya,2009/2010,Dani Alves,Barcelona,40,"DF(D),ME(CD)",28(1),2505,3,10,7,1,1,85.1,1.1,2,7.85
Espanya,2009/2010,Javi Martínez,Athletic Club,35,"DF(C),ME(C)",34,3003,6,1,9,1,1.6,75.6,2.3,5,7.71
Espanya,2009/2010,Sergio Ramos,Real Madrid,38,DF(CD),33,2902,4,5,13,1,1.1,85.3,2,2,7.71
Espanya,2009/2010,Marcelo,Real Madrid,35,"DF(I),ME(I)",34(1),3001,4,9,5,-,1.6,81,0.4,1,7.68
Espanya,2009/2010,Xavi,Barcelona,44,MC,31(3),2805,3,13,4,-,1.3,90.4,-,4,7.67
Espanya,2009/2010,Xabi Alonso,Real Madrid,42,ME(C),34,3010,3,5,12,-,1.2,85.6,1,1,7.58
Espanya,2009/2010,Duda,Malaga,43,ME(CID),33(1),2917,8,7,8,2,2,63.8,0.5,6,7.56
Espanya,2010/2011,Lionel Messi,Barcelona,36,"MP(CD),DL",31(2),2859,31,18,3,-,4.5,86.2,0.1,20,8.76
Espanya,2010/2011,Cristiano Ronaldo,Real Madrid,39,"ME(I),DL",32(2),2913,40,11,2,-,7.4,75.7,1.4,12,8.35
Espanya,2010/2011,Andrés Iniesta,Barcelona,39,ME(CI),32(2),2799,8,3,1,-,1.3,89.6,0.1,2,7.72
Espanya,2010/2011,Marcelo,Real Madrid,35,"DF(I),ME(I)",31(1),2738,3,4,7,-,0.8,79.5,0.6,4,7.72
Espanya,2010/2011,Gabi,Real Zaragoza,40,ME(C),36,3230,10,6,15,-,2.3,78.2,1.1,11,7.67
Espanya,2010/2011,Dani Alves,Barcelona,40,"DF(D),ME(CD)",31(4),2904,2,15,10,-,1,86.6,0.6,3,7.66
Espanya,2010/2011,José Antonio Reyes,Atletico,40,ME(CID),34,2935,6,7,7,1,2.6,71,0.9,5,7.62
Espanya,2010/2011,Xavi,Barcelona,44,MC,29(2),2467,3,7,6,-,1.1,94.4,-,2,7.58
Espanya,2010/2011,Xabi Alonso,Real Madrid,42,ME(C),29(5),2665,-,6,12,-,0.6,85.3,1.4,4,7.50
Espanya,2010/2011,Ángel Di María,Real Madrid,36,"ME(CID),DL",29(6),2329,6,11,6,-,2.1,75.8,-,4,7.49
Espanya,2011/2012,Lionel Messi,Barcelona,36,"MP(CD),DL",36(1),3268,50,16,6,-,5.5,84.2,0.1,24,8.88
Espanya,2011/2012,Cristiano Ronaldo,Real Madrid,39,"ME(I),DL",37(1),3354,46,12,4,-,6.9,80.6,0.8,11,8.28
Espanya,2011/2012,Jérémy Toulalan,Malaga,40,"DF(C),ME(C)",25,2196,3,-,6,1,0.5,78.9,1.7,5,7.68
Espanya,2011/2012,Santi Cazorla,Malaga,39,ME(CID),38,3250,9,5,2,-,2.3,84.9,0.1,9,7.60
Espanya,2011/2012,Bruno Soriano,Villarreal,39,ME(C),37,3330,3,1,8,-,0.5,87.9,1.9,4,7.53
Espanya,2011/2012,Marcelo,Real Madrid,35,"DF(I),ME(I)",31(1),2719,3,5,3,-,0.9,83,0.3,2,7.51
Espanya,2011/2012,Xabi Alonso,Real Madrid,42,ME(C),35(1),3143,1,9,13,-,0.6,88.1,1.4,1,7.48
Espanya,2011/2012,Javi Fuego,Rayo Vallecano,40,ME(C),31,2743,-,-,8,-,0.4,76.1,1.6,3,7.48
Espanya,2011/2012,Jesús Navas,Sevilla,38,"DF(D),ME(D)",37,3330,5,12,5,-,2.2,75.1,0.4,3,7.46
Espanya,2011/2012,Cesc Fàbregas,Barcelona,36,"ME(CI),DL",23(5),1947,9,8,6,-,1.6,86.9,0.1,2,7.44
Espanya,2012/2013,Lionel Messi,Barcelona,36,"MP(CD),DL",28(4),2644,46,12,1,-,5.1,85.2,0.2,19,8.83
Espanya,2012/2013,Cristiano Ronaldo,Real Madrid,39,"ME(I),DL",30(4),2721,34,10,9,-,6.9,76.7,1.6,11,8.15
Espanya,2012/2013,Carlos Martínez,Real Sociedad,38,DF(D),29,2589,1,4,4,-,0.3,76.4,1.9,6,7.59
Espanya,2012/2013,Patrick Ebert,Real Valladolid,37,ME(CID),22(1),1809,6,7,4,-,3,73.3,1.7,4,7.46
Espanya,2012/2013,Cesc Fàbregas,Barcelona,36,"ME(CI),DL",30(2),2325,11,11,7,-,1.6,88.6,0.5,2,7.45
Espanya,2012/2013,Sergio Ramos,Real Madrid,38,DF(CD),26,2268,4,-,8,1,1.4,84.6,3.5,-,7.45
Espanya,2012/2013,Andrés Iniesta,Barcelona,39,ME(CI),24(7),2096,3,16,4,-,1.1,90.5,-,3,7.41
Espanya,2012/2013,Ivan Rakitic,Sevilla,36,ME(CI),34,2967,8,10,8,2,1.8,78.7,1,4,7.41
Espanya,2012/2013,Carlos Vela,Real Sociedad,35,"ME(CID),DL",32(3),2715,14,9,10,-,2.9,77.5,0.6,3,7.40
Espanya,2012/2013,Mesut Özil,Real Madrid,35,ME(CID),23(9),2042,9,13,5,-,0.9,84.2,0.2,1,7.39
Espanya,2013/2014,Lionel Messi,Barcelona,36,"MP(CD),DL",29(2),2508,27,11,2,-,5,84.9,0.2,13,8.34
Espanya,2013/2014,Cristiano Ronaldo,Real Madrid,39,"ME(I),DL",30,2545,31,9,4,1,7.2,80.2,1.8,10,8.27
Espanya,2013/2014,Gareth Bale,Real Madrid,34,"ME(CID),DL",24(3),2073,15,12,3,-,3.3,76.3,1.1,5,7.75
Espanya,2013/2014,Ivan Rakitic,Sevilla,36,ME(CI),29(4),2676,11,10,7,-,2.3,79.3,1.2,6,7.61
Espanya,2013/2014,Gabi,Atletico,40,ME(C),35(1),3119,3,8,11,-,1,79.4,1.1,2,7.58
Espanya,2013/2014,Alexis Sánchez,Barcelona,35,"ME(CID),DL",27(7),2386,19,10,2,-,1.9,79.8,0.7,3,7.54
Espanya,2013/2014,Neymar,Barcelona,32,"MP(CID),DL",19(7),1742,9,8,6,-,2.6,84.5,0.5,4,7.51
Espanya,2013/2014,Tiago,Atletico,42,ME(C),21(1),1866,2,1,8,-,1.1,81.4,2.5,2,7.49
Espanya,2013/2014,Gerard Piqué,Barcelona,37,DF(C),26,2311,2,-,5,-,0.8,90.2,3.8,3,7.49
Espanya,2013/2014,Sergio Ramos,Real Madrid,38,DF(CD),32,2759,4,1,10,2,1.3,88.8,4.3,6,7.47
Espanya,2014/2015,Lionel Messi,Barcelona,36,"MP(CD),DL",37(1),3375,43,18,4,-,4.9,82.9,0.2,25,8.84
Espanya,2014/2015,Cristiano Ronaldo,Real Madrid,39,"ME(I),DL",35,3099,48,16,5,1,6.4,80.7,1.7,17,8.49
Espanya,2014/2015,Neymar,Barcelona,32,"MP(CID),DL",29(4),2573,22,7,6,-,2.9,81,0.6,2,7.98
Espanya,2014/2015,James Rodríguez,Real Madrid,32,"MP(CID),DL",29,2290,13,13,5,-,1.8,87.2,0.3,2,7.85
Espanya,2014/2015,Luis Suárez,Barcelona,37,"MP(CID),DL",25(2),2180,16,14,4,-,2.8,77.1,0.6,3,7.69
Espanya,2014/2015,Gareth Bale,Real Madrid,34,"ME(CID),DL",30(1),2582,13,9,2,-,3.3,78.3,1.3,2,7.66
Espanya,2014/2015,Nicolás Otamendi,Valencia,36,DF(C),35,3098,6,-,9,1,0.6,80.2,3.5,7,7.58
Espanya,2014/2015,Karim Benzema,Real Madrid,36,DL,29,2312,15,10,1,-,2.4,79.2,0.7,2,7.55
Espanya,2014/2015,José Giménez,Atletico,29,DF(CD),19(1),1752,1,3,3,-,0.4,78.5,3.4,2,7.52
Espanya,2014/2015,Tiago,Atletico,42,ME(C),31,2592,5,4,5,-,0.7,81.3,2.4,3,7.48
Espanya,2015/2016,Lionel Messi,Barcelona,36,"MP(CD),DL",31(2),2730,26,16,3,-,4.8,81.9,0.2,13,8.46
Espanya,2015/2016,Neymar,Barcelona,32,"MP(CID),DL",34,3057,24,12,6,-,3.6,80.9,0.6,7,8.43
Espanya,2015/2016,Gareth Bale,Real Madrid,34,"ME(CID),DL",21(2),1741,19,10,2,-,3.5,79.9,0.9,5,8.12
Espanya,2015/2016,Luis Suárez,Barcelona,37,"MP(CID),DL",35,3150,40,16,6,-,3.9,73.1,0.4,8,8.00
Espanya,2015/2016,Cristiano Ronaldo,Real Madrid,39,"ME(I),DL",36,3185,35,11,3,-,6.3,79.4,1.6,8,7.99
Espanya,2015/2016,Karim Benzema,Real Madrid,36,DL,26(1),1994,24,7,1,-,3.6,81.5,0.4,3,7.65
Espanya,2015/2016,Filipe Luís,Atletico,38,DF(I),32,2834,1,4,11,1,0.3,82.5,1.3,3,7.60
Espanya,2015/2016,Diego Godín,Atletico,38,DF(C),31,2651,1,1,5,1,0.8,78.4,3,6,7.52
Espanya,2015/2016,Antoine Griezmann,Atletico,33,"MP(CID),DL",36(2),3058,22,5,5,-,2.4,78.3,1.5,8,7.50
Espanya,2015/2016,Koke,Atletico,32,ME(CID),34(1),2973,5,14,4,-,1.2,82,0.7,2,7.49
Espanya,2016/2017,Neymar,Barcelona,32,"MP(CID),DL",30,2652,13,11,6,1,3.5,76.5,0.3,9,8.52
Espanya,2016/2017,Lionel Messi,Barcelona,36,"MP(CD),DL",32(2),2833,37,9,6,-,5.3,80.2,0.2,16,8.47
Espanya,2016/2017,Luis Suárez,Barcelona,37,"MP(CID),DL",34(1),2865,29,13,8,-,3.4,74.8,0.3,4,7.80
Espanya,2016/2017,Toni Kroos,Real Madrid,34,ME(C),28(1),2501,3,12,6,-,1.1,92.2,0.4,3,7.67
Espanya,2016/2017,Cristiano Ronaldo,Real Madrid,39,"ME(I),DL",29,2544,25,6,4,-,5.6,80,1.2,4,7.61
Espanya,2016/2017,Filipe Luís,Atletico,38,DF(I),34,3009,3,6,5,-,0.7,82.7,0.9,6,7.55
Espanya,2016/2017,Gareth Bale,Real Madrid,34,"ME(CID),DL",17(2),1425,7,2,3,1,3.4,78.9,1.7,3,7.49
Espanya,2016/2017,Antoine Griezmann,Atletico,33,"MP(CID),DL",36,3067,16,8,3,-,2.4,78.3,1.2,4,7.37
Espanya,2016/2017,Asier Illarramendi,Real Sociedad,34,ME(C),33(1),3004,1,2,13,-,0.6,84.1,1.2,6,7.32
Espanya,2016/2017,Dani Ceballos,Real Betis,27,ME(CI),24(6),2336,2,2,8,-,1.2,80.8,0.4,3,7.32
Espanya,2017/2018,Lionel Messi,Barcelona,36,"MP(CD),DL",32(4),2997,34,12,3,-,5.5,81.2,0.2,22,8.68
Espanya,2017/2018,Cristiano Ronaldo,Real Madrid,39,"ME(I),DL",27,2293,26,5,1,-,6.6,81.6,1.3,7,7.94
Espanya,2017/2018,Luis Suárez,Barcelona,37,"MP(CID),DL",32(1),2902,25,12,9,-,3.7,76.9,0.4,5,7.72
Espanya,2017/2018,Philippe Coutinho,Barcelona,31,ME(CID),16(2),1304,8,5,1,-,2.1,86.9,0.3,2,7.66
Espanya,2017/2018,Casemiro,Real Madrid,32,MC,30,2601,5,3,8,-,1.1,88.4,2.1,1,7.49
Espanya,2017/2018,Gareth Bale,Real Madrid,34,"ME(CID),DL",20(6),1803,16,2,5,-,3,82.5,1.3,6,7.49
Espanya,2017/2018,Iago Aspas,Celta Vigo,36,"MP(CD),DL",33(1),2938,22,5,9,-,2.8,78.8,0.5,11,7.49
Espanya,2017/2018,Toni Kroos,Real Madrid,34,ME(C),26(1),2268,5,7,4,-,1.5,93.1,0.4,-,7.47
Espanya,2017/2018,Filipe Luís,Atletico,38,DF(I),19(1),1660,1,2,4,-,0.3,83.4,0.9,2,7.45
Espanya,2017/2018,Dani Parejo,Valencia,34,ME(C),34,3005,7,7,15,1,1.3,85.6,0.5,7,7.41
Espanya,2018/2019,Lionel Messi,Barcelona,36,"MP(CD),DL",29(5),2710,36,13,3,-,5,81.3,0.2,17,8.48
Espanya,2018/2019,Luis Suárez,Barcelona,37,"MP(CID),DL",31(2),2830,21,6,5,-,3.4,75.3,0.7,5,7.57
Espanya,2018/2019,Iago Aspas,Celta Vigo,36,"MP(CD),DL",26(1),2262,20,6,5,-,2.6,82,0.9,6,7.51
Espanya,2018/2019,Dani Parejo,Valencia,34,ME(C),35(1),3063,9,7,6,1,1.2,85.8,0.9,9,7.40
Espanya,2018/2019,Karim Benzema,Real Madrid,36,DL,35(1),2964,21,6,1,-,2.9,82.6,1.2,7,7.38
Espanya,2018/2019,Antoine Griezmann,Atletico,33,"MP(CID),DL",37,3204,15,9,5,-,3.1,78.3,1.1,4,7.29
Espanya,2018/2019,Ousmane Dembélé,Barcelona,26,"MP(CID),DL",20(9),1673,8,5,1,-,1.3,80.7,0.3,3,7.25
Espanya,2018/2019,Rodri,Atletico,27,"DF(C),MC",32(2),2743,3,1,5,-,0.8,91.1,2.3,3,7.24
Espanya,2018/2019,Wissam Ben Yedder,Sevilla,33,"MP(C),DL",31(4),2821,18,9,4,-,2.2,73.9,1.1,3,7.23
Espanya,2018/2019,Guillermo Maripán,Deportivo Alaves,29,DF(C),22(1),2009,2,2,5,-,0.7,75.3,4.2,2,7.20
Espanya,2019/2020,Lionel Messi,Barcelona,36,"MP(CD),DL",32(1),2881,25,21,4,-,4.8,82.6,0.3,22,8.71
Espanya,2019/2020,Casemiro,Real Madrid,32,MC,35,3091,4,3,12,-,1.3,84.1,2.9,3,7.47
Espanya,2019/2020,Karim Benzema,Real Madrid,36,DL,36(1),3155,21,8,-,-,3.4,86.2,0.8,10,7.44
Espanya,2019/2020,Luis Suárez,Barcelona,37,"MP(CID),DL",22(6),2002,16,8,4,-,2.8,75.5,0.4,3,7.33
Espanya,2019/2020,Mikel Merino,Real Sociedad,27,ME(C),35(1),3144,5,1,9,-,1.2,75.8,5.1,5,7.31
Espanya,2019/2020,Gerard Moreno,Villarreal,32,"MP(CD),DL",33(2),2755,18,5,5,-,2.5,74.5,1.6,6,7.31
Espanya,2019/2020,Nabil Fekir,Real Betis,30,"MP(CID),DL",31(1),2652,7,4,6,2,3.2,83.9,1,8,7.22
Espanya,2019/2020,Saúl Ñíguez,Atletico,29,"DF(CI),ME(CID)",35,3076,6,-,10,-,1.3,79.3,3.4,5,7.22
Espanya,2019/2020,Joselu,Deportivo Alaves,34,DL,31(5),2786,11,2,6,-,2.4,52,8.7,10,7.22
Espanya,2019/2020,Lucas Ocampos,Sevilla,29,"ME(CID),DL",31(2),2756,14,3,8,1,2.5,79.9,0.9,4,7.21
Espanya,2020/2021,Lionel Messi,Barcelona,36,"MP(CD),DL",33(2),3023,30,9,4,-,5.6,85.1,0.2,22,8.52
Espanya,2020/2021,Gerard Moreno,Villarreal,32,"MP(CD),DL",30(3),2683,23,7,3,-,2.9,69.7,1.9,12,7.62
Espanya,2020/2021,Karim Benzema,Real Madrid,36,DL,33(1),2902,23,9,2,-,3.6,84.6,0.8,8,7.57
Espanya,2020/2021,Casemiro,Real Madrid,32,MC,32(2),2903,6,4,9,1,1.4,83.9,3,4,7.36
Espanya,2020/2021,Iago Aspas,Celta Vigo,36,"MP(CD),DL",33,2871,14,13,9,-,1.5,78.8,0.5,8,7.32
Espanya,2020/2021,Marcos Llorente,Atletico,29,"DF(D),ME(CD),DL",33(4),2960,12,11,6,-,1.3,84.6,0.6,4,7.26
Espanya,2020/2021,Mikel Merino,Real Sociedad,27,ME(C),25(1),2157,2,4,5,-,1.3,76.7,3.2,4,7.24
Espanya,2020/2021,Toni Kroos,Real Madrid,34,ME(C),24(4),2122,3,10,6,-,1.2,93.6,0.4,3,7.22
Espanya,2020/2021,Joselu,Deportivo Alaves,34,DL,34(3),3038,11,3,1,-,2.5,58.6,6.9,5,7.22
Espanya,2020/2021,Kieran Trippier,Atletico,33,"DF(ID),ME(D)",28,2477,-,6,-,-,0.1,79.4,1.5,2,7.20
Espanya,2021/2022,Karim Benzema,Real Madrid,36,DL,31(1),2600,27,12,-,-,4,85.2,0.6,10,7.69
Espanya,2021/2022,Vinícius Júnior,Real Madrid,23,"MP(I),DL",30(5),2701,17,10,6,-,2.3,85.9,0.1,8,7.56
Espanya,2021/2022,Ousmane Dembélé,Barcelona,26,"MP(CID),DL",15(6),1413,1,13,3,-,2.2,84.4,0.2,4,7.46
Espanya,2021/2022,Nabil Fekir,Real Betis,30,"MP(CID),DL",33(1),2812,6,8,7,1,2.5,86.4,0.8,7,7.38
Espanya,2021/2022,Casemiro,Real Madrid,32,MC,31(1),2576,1,3,11,-,1.3,86,3.2,3,7.26
Espanya,2021/2022,Joselu,Deportivo Alaves,34,DL,35(2),3126,14,4,-,-,2.6,61.1,7.7,5,7.25
Espanya,2021/2022,Iker Muniain,Athletic Club,31,MP(CID),34(1),2803,4,10,3,-,1.2,84.8,0.1,6,7.19
Espanya,2021/2022,Iago Aspas,Celta Vigo,36,"MP(CD),DL",36(1),3094,18,6,8,-,2.4,75.5,0.6,5,7.19
Espanya,2021/2022,Dani Parejo,Villarreal,34,ME(C),32(1),2712,2,10,3,-,0.5,87.6,0.5,1,7.17
Espanya,2021/2022,Mikel Merino,Real Sociedad,27,ME(C),33(1),2896,3,2,8,-,1.3,77.6,3.3,3,7.16
Espanya,2022/2023,Antoine Griezmann,Atletico,33,"MP(CID),DL",31(7),2863,15,16,2,-,2.9,82.4,0.7,13,7.69
Espanya,2022/2023,Karim Benzema,Real Madrid,36,DL,24,2044,19,3,1,-,4.5,87,0.6,6,7.53
Espanya,2022/2023,Robert Lewandowski,Barcelona,35,DL,33(1),2852,23,7,2,1,4,78.1,1.5,7,7.49
Espanya,2022/2023,Vinícius Júnior,Real Madrid,23,"MP(I),DL",32(1),2833,10,9,10,1,2.3,80.6,0.1,4,7.35
Espanya,2022/2023,Rodrygo,Real Madrid,23,"MP(CID),DL",25(9),2382,9,8,4,-,2.9,89.6,0.4,4,7.26
Espanya,2022/2023,Pedri,Barcelona,21,MP(CI),22(4),1983,6,1,2,-,0.8,87.6,0.1,4,7.20
Espanya,2022/2023,Joselu,Espanyol,34,DL,33(1),2989,16,2,3,-,2.7,61,5.1,5,7.15
Espanya,2022/2023,Frenkie de Jong,Barcelona,26,"DF(C),MC",29(4),2539,2,4,3,-,0.5,91.4,1,4,7.15
Espanya,2022/2023,Ousmane Dembélé,Barcelona,26,"MP(CID),DL",16(9),1416,5,7,4,-,2,83.4,0.2,3,7.14
Espanya,2022/2023,Mikel Merino,Real Sociedad,27,ME(C),28(5),2500,2,9,6,1,1.3,77.6,3.4,7,7.13
Espanya,2023/2024,Jude Bellingham,Real Madrid,20,ME(CID),24,2030,16,4,5,1,2.3,89,1.1,6,7.73
Espanya,2023/2024,Vinícius Júnior,Real Madrid,23,"MP(I),DL",19(2),1574,12,4,5,-,3,78.3,-,4,7.48
Espanya,2023/2024,Isco,Real Betis,31,"ME(CID),DL",24(1),2069,6,4,9,-,2.2,86,0.6,3,7.39
Espanya,2023/2024,Antoine Griezmann,Atletico,33,"MP(CID),DL",25(2),2132,13,6,4,-,2.4,82.9,0.4,5,7.30
Espanya,2023/2024,Sávio,Girona,20,MP(CID),29(1),2449,8,7,5,-,1.1,82.3,0.1,4,7.22
Espanya,2023/2024,Iñaki Williams,Athletic Club,29,"MP(CID),DL",27(1),2403,9,3,4,-,2.8,73.1,0.9,3,7.19
Espanya,2023/2024,Takefusa Kubo,Real Sociedad,22,"MP(CID),DL",21(3),1819,7,3,2,-,1.8,80.5,0.4,2,7.18
Espanya,2023/2024,Federico Valverde,Real Madrid,25,ME(CID),29(2),2557,1,7,2,-,1.6,90.9,0.6,3,7.18
Espanya,2023/2024,João Cancelo,Barcelona,29,"DF(ID),ME(D)",23(2),1966,2,3,5,-,1,83.6,0.8,4,7.18
Espanya,2023/2024,Rodrygo,Real Madrid,23,"MP(CID),DL",25(5),2115,10,5,2,-,2.6,89.5,0.2,3,7.17
Italia,2009/2010,Lúcio,Inter,45,DF(C),30(1),2737,1,1,4,1,0.6,82.7,1.1,7,7.76
Italia,2009/2010,Maicon,Inter,42,DF(D),33,2970,6,11,7,1,1.5,80.9,0.4,3,7.71
Italia,2009/2010,David Pizarro,Roma,44,ME(C),31,2748,2,7,6,1,0.9,88,-,4,7.58
Italia,2009/2010,Antonio Di Natale,Udinese,46,DL,33(2),3012,29,6,6,-,4.3,71.5,0.1,6,7.58
Italia,2009/2010,Francesco Totti,Roma,47,"MP(CI),DL",21(2),1808,14,6,6,-,2.8,73.5,0.1,7,7.58
Italia,2009/2010,Giorgio Chiellini,Juventus,39,DF(C),32,2880,4,2,3,-,1,78.3,1.8,5,7.58
Italia,2009/2010,Mirko Vucinic,Roma,40,DL,32(2),2559,14,6,3,-,2.9,72.5,0.6,1,7.55
Italia,2009/2010,Alexis Sánchez,Udinese,35,"ME(CID),DL",25(7),2299,5,3,5,-,1.8,78,0.9,7,7.53
Italia,2009/2010,Ronaldinho,AC Milan,44,MP(C),34(2),2901,12,14,6,-,2.2,79.1,0.3,7,7.53
Italia,2009/2010,Alexandre Pato,AC Milan,34,"ME(CID),DL",20(3),1804,12,1,2,-,2.5,80.1,0.5,3,7.52
Italia,2010/2011,Lúcio,Inter,45,DF(C),30(1),2688,1,1,5,-,0.6,86.1,1.2,4,7.77
Italia,2010/2011,Alexis Sánchez,Udinese,35,"ME(CID),DL",27(4),2392,12,6,5,1,2.3,74.9,0.9,7,7.74
Italia,2010/2011,Samuel Eto'o,Inter,43,"ME(CI),DL",35,2967,21,9,3,-,3.5,81.4,0.1,8,7.63
Italia,2010/2011,Zlatan Ibrahimovic,AC Milan,42,DL,29,2535,14,11,8,2,4,71.2,2.4,7,7.59
Italia,2010/2011,Antonio Di Natale,Udinese,46,DL,35(1),2941,28,7,3,-,4.2,74.4,0.1,7,7.54
Italia,2010/2011,Thiago Silva,AC Milan,39,DF(C),33,2898,1,-,1,-,0.6,91.9,1.3,3,7.48
Italia,2010/2011,Medhi Benatia,Udinese,36,DF(C),34,3045,3,-,8,-,0.5,78.9,0.8,4,7.48
Italia,2010/2011,Andrea Ranocchia,Inter,36,DF(C),17(1),1486,-,1,2,-,0.4,89.9,1.9,2,7.48
Italia,2010/2011,Hugo Campagnaro,Napoli,43,DF(CD),30(1),2731,-,-,10,-,0.4,80.7,1.8,6,7.47
Italia,2010/2011,Domenico Criscito,Genoa,37,"DF(CI),ME(I)",36,3201,-,3,6,1,1.1,81.2,1.1,5,7.47
Italia,2011/2012,Zlatan Ibrahimovic,AC Milan,42,DL,32,2810,28,6,3,1,4.4,77.1,1.5,11,8.14
Italia,2011/2012,Andrea Pirlo,Juventus,44,ME(C),37,3318,3,13,6,-,2.1,86.9,0.2,6,7.88
Italia,2011/2012,Giorgio Chiellini,Juventus,39,DF(C),34,3025,2,1,7,-,1,87.3,2.4,5,7.78
Italia,2011/2012,Lúcio,Inter,45,DF(C),34,3061,1,2,5,-,0.5,81.2,1.5,8,7.69
Italia,2011/2012,Arturo Vidal,Juventus,36,ME(CD),30(3),2639,7,3,12,1,2.3,85.2,1.3,6,7.68
Italia,2011/2012,Sebastian Giovinco,Parma Calcio 1913,37,"MP(C),DL",36,3093,15,11,3,1,3.9,76.3,0.1,8,7.59
Italia,2011/2012,Santiago García,Novara,35,"DF(CI),ME(I)",21,1823,1,-,5,-,0.3,78.1,2.4,1,7.59
Italia,2011/2012,Hugo Campagnaro,Napoli,43,DF(CD),30(1),2597,2,2,3,-,0.3,82.9,1.7,3,7.53
Italia,2011/2012,Stevan Jovetic,Fiorentina,34,"MP(CI),DL",27,2348,14,3,3,-,4.5,74.4,1,7,7.51
Italia,2011/2012,Riccardo Montolivo,Fiorentina,39,ME(C),30,2621,4,2,8,-,1.6,81,0.8,3,7.51
Italia,2012/2013,Andrea Pirlo,Juventus,44,ME(C),32,2858,5,7,8,-,2.1,87.3,0.4,6,7.82
Italia,2012/2013,Arturo Vidal,Juventus,36,ME(CD),29(2),2588,10,8,11,-,2,87,1.4,7,7.77
Italia,2012/2013,Giorgio Chiellini,Juventus,39,DF(C),23(1),2039,1,2,5,-,0.5,90.3,2.8,-,7.73
Italia,2012/2013,Edinson Cavani,Napoli,37,"MP(ID),DL",33(1),2981,29,4,8,-,4.6,77.9,0.9,8,7.69
Italia,2012/2013,Hugo Campagnaro,Napoli,43,DF(CD),27(1),2413,1,1,8,-,0.3,86.2,2.2,2,7.64
Italia,2012/2013,Érik Lamela,Roma,32,"MP(CID),DL",30(3),2600,15,5,7,-,2.6,82,0.4,5,7.59
Italia,2012/2013,Juan Cuadrado,Fiorentina,35,"DF(D),ME(CID),DL",34(2),2967,5,6,11,-,1.9,84.6,0.3,8,7.57
Italia,2012/2013,Francesco Totti,Roma,47,"MP(CI),DL",33(1),2824,12,12,7,1,3.6,74.2,0.5,6,7.57
Italia,2012/2013,Stevan Jovetic,Fiorentina,34,"MP(CI),DL",31,2521,13,5,3,-,3.6,78.7,0.8,3,7.54
Italia,2012/2013,Alessandro Diamanti,Bologna,40,"ME(CD),DL",33(1),2946,7,7,10,-,3.9,75.3,0.1,6,7.53
Italia,2013/2014,Juan Cuadrado,Fiorentina,35,"DF(D),ME(CID),DL",31(1),2702,11,5,8,1,3,85.6,0.4,8,7.71
Italia,2013/2014,Paul Pogba,Juventus,31,ME(CI),33(3),3068,7,7,4,-,2,83.8,2.2,6,7.65
Italia,2013/2014,Giorgio Chiellini,Juventus,39,DF(C),31,2775,3,3,5,-,0.8,91,3.2,2,7.62
Italia,2013/2014,Carlos Tevez,Juventus,40,"MP(CI),DL",30(4),2605,19,7,4,-,3.7,82,0.4,6,7.62
Italia,2013/2014,Medhi Benatia,Roma,36,DF(C),32(1),2860,5,-,8,-,0.6,88.6,2.6,4,7.59
Italia,2013/2014,Andrea Pirlo,Juventus,44,ME(C),29(1),2467,4,6,4,-,1.6,88.5,0.2,3,7.56
Italia,2013/2014,Miralem Pjanic,Roma,34,ME(C),32(3),2704,6,6,7,1,2,88.3,0.5,6,7.54
Italia,2013/2014,Alessandro Lucarelli,Parma Calcio 1913,46,DF(C),34,3005,4,-,14,1,0.5,86.1,2.7,10,7.52
Italia,2013/2014,Arturo Vidal,Juventus,36,ME(CD),28(4),2441,11,5,8,-,1.8,83.7,1.3,5,7.46
Italia,2013/2014,Alessandro Diamanti,Bologna,40,"ME(CD),DL",19,1688,5,2,8,-,4.3,73.9,0.4,2,7.43
Italia,2014/2015,Franco Vázquez,Palermo,35,"MP(CID),DL",37,3224,10,10,7,-,2.7,79.5,1.5,8,7.74
Italia,2014/2015,Paul Pogba,Juventus,31,ME(CI),24(2),2110,8,3,4,-,2.2,83.8,1.4,3,7.67
Italia,2014/2015,Carlos Tevez,Juventus,40,"MP(CI),DL",29(3),2593,20,7,6,-,3.6,85,0.1,7,7.66
Italia,2014/2015,Fredy Guarín,Inter,37,ME(CD),25(3),2210,6,6,5,-,2.8,77.6,1.3,4,7.56
Italia,2014/2015,Juan Cuadrado,Fiorentina,35,"DF(D),ME(CID),DL",17,1450,4,4,5,-,3.1,87,0.4,2,7.52
Italia,2014/2015,Diego Perotti,Genoa,35,"ME(CID),DL",27,2303,4,5,5,-,1.5,83.5,0.6,2,7.48
Italia,2014/2015,Felipe Anderson,Lazio,31,"ME(CID),DL",23(9),2097,10,7,5,-,2,77.4,0.2,8,7.47
Italia,2014/2015,Lucas Biglia,Lazio,38,MC,27,2327,3,2,6,-,1.1,88.3,0.8,1,7.42
Italia,2014/2015,Andrea Pirlo,Juventus,44,ME(C),19(1),1611,4,5,-,-,1.3,89.2,0.5,2,7.41
Italia,2014/2015,Davide Astori,Roma,37,DF(C),22(2),2039,1,-,10,-,0.3,86.5,3,3,7.40
Italia,2015/2016,Paul Pogba,Juventus,31,ME(CI),33(2),3019,8,12,10,-,3.5,83.4,1.8,8,7.81
Italia,2015/2016,Gonzalo Higuaín,Napoli,36,DL,35,2978,36,2,1,1,5.2,78.1,0.3,9,7.74
Italia,2015/2016,Paulo Dybala,Juventus,30,"MP(CD),DL",29(5),2465,19,9,1,-,3.1,84.9,0.1,7,7.71
Italia,2015/2016,Franco Vázquez,Palermo,35,"MP(CID),DL",36,3186,8,7,11,-,2.9,77.2,1.7,5,7.51
Italia,2015/2016,Miralem Pjanic,Roma,34,ME(C),30(3),2654,10,12,10,1,2.1,84.9,0.7,3,7.46
Italia,2015/2016,Alex Sandro,Juventus,33,"DF(CI),ME(I)",15(7),1490,2,3,5,1,0.8,84,1.5,3,7.45
Italia,2015/2016,Lucas Biglia,Lazio,38,MC,26(1),2299,4,3,9,1,0.7,88.2,0.8,3,7.43
Italia,2015/2016,Giacomo Bonaventura,AC Milan,34,ME(CID),31(2),2841,6,8,8,-,3.2,82.2,0.6,7,7.39
Italia,2015/2016,Papu Gómez,Atalanta,36,"ME(CID),DL",33(1),2825,7,7,4,1,2.5,79.5,0.2,5,7.36
Italia,2015/2016,Federico Viviani,Verona,32,MC,17(2),1593,3,6,4,1,1.6,80.9,0.7,2,7.36
Italia,2016/2017,Edin Dzeko,Roma,38,DL,33(4),3056,29,9,4,-,4.8,69.7,3.8,11,7.85
Italia,2016/2017,Dries Mertens,Napoli,36,"MP(CID),DL",28(7),2566,28,9,6,-,4.2,76.3,0.1,10,7.76
Italia,2016/2017,Papu Gómez,Atalanta,36,"ME(CID),DL",37,3140,16,10,6,-,3.2,80.6,0.1,10,7.75
Italia,2016/2017,Lorenzo Insigne,Napoli,32,"MP(CI),DL",35(2),2935,18,9,2,-,4,86.1,-,8,7.67
Italia,2016/2017,Alex Sandro,Juventus,33,"DF(CI),ME(I)",25(2),2310,3,4,5,-,0.7,84.6,1.5,4,7.63
Italia,2016/2017,Felipe Anderson,Lazio,31,"ME(CID),DL",33(3),2919,4,9,5,-,2,74.9,0.5,7,7.62
Italia,2016/2017,Andrea Belotti,Torino,30,DL,34(1),3071,26,7,5,-,3.7,75.1,2.4,7,7.58
Italia,2016/2017,Federico Fazio,Roma,37,DF(C),35(2),3117,2,1,3,-,0.6,85.6,3.4,7,7.50
Italia,2016/2017,Giacomo Bonaventura,AC Milan,34,ME(CID),19,1574,3,2,3,-,2.5,85.3,0.5,1,7.50
Italia,2016/2017,Gonzalo Higuaín,Juventus,36,DL,32(6),2968,24,3,1,-,3.5,82.6,0.4,7,7.50
Italia,2017/2018,Paulo Dybala,Juventus,30,"MP(CD),DL",26(7),2358,22,5,-,-,3.5,87.3,0.2,8,7.77
Italia,2017/2018,Luis Alberto,Lazio,31,"MP(CI),DL",32(2),2677,11,14,5,-,2.4,79.9,0.4,5,7.69
Italia,2017/2018,Papu Gómez,Atalanta,36,"ME(CID),DL",31(2),2758,6,10,2,-,3,81.9,-,6,7.65
Italia,2017/2018,Aleksandar Kolarov,Roma,38,"DF(CI),ME(I)",34(1),3061,2,8,3,-,1.8,81.2,1.5,6,7.52
Italia,2017/2018,Lorenzo Insigne,Napoli,32,"MP(CI),DL",36(1),3104,8,11,4,-,4.8,85.2,0.1,7,7.51
Italia,2017/2018,Alex Sandro,Juventus,33,"DF(CI),ME(I)",23(3),2115,4,4,8,-,0.7,86.4,1.8,3,7.47
Italia,2017/2018,Douglas Costa,Juventus,33,ME(CID),18(13),1793,4,12,1,-,1.2,84,0.2,4,7.45
Italia,2017/2018,Felipe Anderson,Lazio,31,"ME(CID),DL",9(12),1152,4,7,-,-,1.2,76.6,0.1,3,7.45
Italia,2017/2018,Miralem Pjanic,Juventus,34,ME(C),28(3),2489,5,8,5,-,1.7,90.2,0.4,4,7.42
Italia,2017/2018,Edin Dzeko,Roma,38,DL,33(3),3019,16,4,6,-,4.2,70.8,3,5,7.40
Italia,2018/2019,Cristiano Ronaldo,Juventus,39,"ME(I),DL",30(1),2689,21,8,3,-,5.7,85.1,1.1,10,7.68
Italia,2018/2019,Papu Gómez,Atalanta,36,"ME(CID),DL",34(1),2913,7,11,5,-,3,84.4,0.3,7,7.64
Italia,2018/2019,Josip Ilicic,Atalanta,36,"MP(CID),DL",23(8),2151,12,7,5,1,3.3,80.2,0.2,4,7.39
Italia,2018/2019,Suso,AC Milan,30,"MP(CID),DL",35,3031,7,10,8,1,2.7,82.5,0.1,7,7.39
Italia,2018/2019,Rodrigo De Paul,Udinese,29,"MP(CID),DL",36,3194,9,8,7,-,2.4,76.4,0.1,6,7.37
Italia,2018/2019,Mario Mandzukic,Juventus,37,"ME(I),DL",23(2),2020,9,6,4,-,1.2,71.1,2.9,3,7.34
Italia,2018/2019,Duván Zapata,Atalanta,33,DL,32(5),2900,23,7,5,-,3.2,79,1.8,4,7.32
Italia,2018/2019,Leonardo Pavoletti,Cagliari,35,DL,31(1),2738,16,1,6,-,2.6,69,7.4,9,7.32
Italia,2018/2019,Stephan El Shaarawy,Roma,31,"ME(CID),DL",23(5),2109,11,3,2,-,2.5,81.7,0.8,4,7.26
Italia,2018/2019,Fabián Ruiz,Napoli,28,ME(CI),20(7),1991,5,4,2,1,1.9,89.8,0.6,2,7.25
Italia,2019/2020,Cristiano Ronaldo,Juventus,39,"ME(I),DL",33,2919,31,5,3,-,6.3,85.1,1.2,10,7.82
Italia,2019/2020,Josip Ilicic,Atalanta,36,"MP(CID),DL",21(5),1673,15,5,1,1,3.1,81.9,0.1,7,7.65
Italia,2019/2020,Ciro Immobile,Lazio,34,DL,36(1),3176,36,9,8,-,3.8,77,0.6,10,7.57
Italia,2019/2020,Luis Alberto,Lazio,31,"MP(CI),DL",36,3122,6,15,5,-,2.7,83.5,0.3,10,7.55
Italia,2019/2020,Papu Gómez,Atalanta,36,"ME(CID),DL",34(2),2861,7,16,2,-,2.6,85.3,0.1,3,7.55
Italia,2019/2020,Zlatan Ibrahimovic,AC Milan,42,DL,16(2),1365,10,5,1,-,3.7,70.9,4.4,4,7.51
Italia,2019/2020,Edin Dzeko,Roma,38,DL,31(4),2884,16,7,4,-,3.5,69.9,3.7,5,7.48
Italia,2019/2020,Domenico Berardi,Sassuolo,29,"MP(D),DL",29(2),2505,14,10,6,1,3.9,78.4,0.6,5,7.45
Italia,2019/2020,Paulo Dybala,Juventus,30,"MP(CD),DL",25(8),2165,11,6,5,-,3,88.1,0.1,3,7.44
Italia,2019/2020,Duván Zapata,Atalanta,33,DL,25(3),2038,18,6,1,-,3.2,79.6,1.9,4,7.41
Italia,2020/2021,Cristiano Ronaldo,Juventus,39,"ME(I),DL",31(2),2803,29,3,3,-,5.1,82.1,0.7,8,7.61
Italia,2020/2021,Zlatan Ibrahimovic,AC Milan,42,DL,18(1),1498,15,2,2,1,4.3,72,4.5,8,7.57
Italia,2020/2021,Lorenzo Insigne,Napoli,32,"MP(CI),DL",33(2),2872,19,7,2,1,4.1,83.7,0.1,11,7.56
Italia,2020/2021,Romelu Lukaku,Inter,30,"MP(D),DL",32(4),2887,24,11,4,-,2.7,72.5,1.3,7,7.47
Italia,2020/2021,Domenico Berardi,Sassuolo,29,"MP(D),DL",28(2),2485,17,7,4,-,3.8,80.5,0.4,8,7.42
Italia,2020/2021,Rodrigo De Paul,Udinese,29,"MP(CID),DL",36,3204,9,9,3,2,2.3,79.8,0.2,12,7.41
Italia,2020/2021,Henrikh Mkhitaryan,Roma,35,"ME(CID),DL",30(4),2747,13,10,2,-,2.4,78.5,0.4,4,7.30
Italia,2020/2021,Sergej Milinkovic-Savic,Lazio,29,MP(C),32,2754,8,9,4,-,2,78.7,3.3,8,7.30
Italia,2020/2021,Théo Hernández,AC Milan,26,"DF(CI),ME(I)",33,2935,7,5,9,-,1.4,83.1,1.6,2,7.28
Italia,2020/2021,Hakan Çalhanoglu,AC Milan,30,"ME(CID),DL",30(3),2629,4,9,4,-,2.5,84.1,0.5,4,7.27
Italia,2021/2022,Domenico Berardi,Sassuolo,29,"MP(D),DL",33,2838,15,14,9,-,3.3,74.8,0.5,8,7.43
Italia,2021/2022,Rafael Leão,AC Milan,24,"MP(CI),DL",31(3),2621,11,8,4,-,2.9,74.8,0.8,2,7.37
Italia,2021/2022,Sergej Milinkovic-Savic,Lazio,29,MP(C),36(1),3111,11,11,4,1,2,81.4,2.8,7,7.36
Italia,2021/2022,Lorenzo Pellegrini,Roma,27,ME(CI),27(1),2300,9,5,6,1,3.3,77.7,0.6,6,7.34
Italia,2021/2022,Dusan Vlahovic,Fiorentina,24,DL,21,1862,17,2,2,-,3.6,70.6,2,5,7.33
Italia,2021/2022,Ciro Immobile,Lazio,34,DL,31,2718,27,2,4,-,3.8,78,0.7,2,7.31
Italia,2021/2022,Luis Muriel,Atalanta,32,"MP(CI),DL",17(10),1543,9,8,1,-,2.1,75.6,1.1,4,7.30
Italia,2021/2022,Hakan Çalhanoglu,Inter,30,"ME(CID),DL",33(1),2509,7,12,11,-,1.9,86.8,0.3,5,7.28
Italia,2021/2022,Victor Osimhen,Napoli,25,DL,23(4),1993,14,2,5,1,3.4,70.5,1.9,4,7.22
Italia,2021/2022,Ivan Perisic,Inter,35,"ME(CID),DL",35,2844,8,7,4,-,1.3,76.3,1.6,5,7.22
Italia,2022/2023,Victor Osimhen,Napoli,25,DL,30(2),2583,26,4,4,-,4.2,71,2.1,5,7.45
Italia,2022/2023,Khvicha Kvaratskhelia,Napoli,23,"MP(CID),DL",30(4),2541,12,10,1,-,2.5,83.7,0.2,7,7.43
Italia,2022/2023,Sergej Milinkovic-Savic,Lazio,29,MP(C),34(2),3030,9,8,10,-,1.8,77.1,2.7,6,7.24
Italia,2022/2023,Paulo Dybala,Roma,30,"MP(CD),DL",22(4),1752,12,6,5,-,2.5,82.3,0.2,6,7.20
Italia,2022/2023,Rafael Leão,AC Milan,24,"MP(CI),DL",28(7),2434,15,8,5,1,2.6,74.4,0.8,8,7.19
Italia,2022/2023,Lautaro Martínez,Inter,26,DL,27(11),2577,21,6,3,-,3.3,75.6,1.1,8,7.18
Italia,2022/2023,Mattia Zaccagni,Lazio,28,"MP(CI),DL",33(2),2783,10,6,9,-,1.6,84.5,0.4,5,7.16
Italia,2022/2023,Domenico Berardi,Sassuolo,29,"MP(D),DL",22(4),1872,12,7,7,-,3.2,71.1,0.5,6,7.15
Italia,2022/2023,Armand Laurienté,Sassuolo,25,"MP(ID),DL",27(1),2191,7,6,8,1,2,79.2,-,4,7.11
Italia,2022/2023,Adrien Rabiot,Juventus,29,"MC,ME(I)",31(1),2751,8,4,9,-,1.5,83.6,1.6,3,7.11
Italia,2023/2024,Lautaro Martínez,Inter,26,DL,27(1),2282,23,2,4,-,3.3,77.8,1.1,9,7.63
Italia,2023/2024,Khvicha Kvaratskhelia,Napoli,23,"MP(CID),DL",27(2),2337,10,6,6,-,3.9,85.9,0.4,8,7.54
Italia,2023/2024,Hakan Çalhanoglu,Inter,30,"ME(CID),DL",28,2263,11,3,5,-,1.9,92.1,0.9,5,7.42
Italia,2023/2024,Rafael Leão,AC Milan,24,"MP(CI),DL",25(3),2144,7,8,5,-,2,79.2,0.8,8,7.36
Italia,2023/2024,Marcus Thuram,Inter,26,"MP(I),DL",29(1),2284,11,7,3,-,2.3,73.7,2.1,1,7.28
Italia,2023/2024,Paulo Dybala,Roma,30,"MP(CD),DL",21(1),1599,12,8,3,-,2.1,84.7,0.2,6,7.24
Italia,2023/2024,Alessandro Buongiorno,Torino,24,DF(C),24,2090,3,-,7,-,0.5,84.8,3.1,5,7.20
Italia,2023/2024,Alessandro Bastoni,Inter,25,DF(C),24,1991,1,3,5,-,0.6,90,1.6,-,7.17
Italia,2023/2024,Federico Dimarco,Inter,26,"DF(CI),ME(I)",25(1),1822,5,6,-,-,1.7,84.7,0.2,2,7.17
Italia,2023/2024,Albert Gudmundsson,Genoa,26,"MP(CID),DL",29,2578,12,3,4,-,1.8,81.3,0.1,6,7.15
Alemanya,2009/2010,Arjen Robben,Bayern,40,"ME(CID),DL",18(6),1779,16,6,1,-,3.4,80.2,0.4,8,8.18
Alemanya,2009/2010,Stefan Kießling,Leverkusen,40,DL,33,2924,21,5,3,-,3,72.4,2.1,6,7.79
Alemanya,2009/2010,Zvjezdan Misimovic,Wolfsburg,41,"MP(C),DL",31,2768,10,13,7,-,2.4,77.5,0.2,8,7.74
Alemanya,2009/2010,Edin Dzeko,Wolfsburg,38,DL,33(1),3003,22,7,4,-,4.5,70.7,0.7,6,7.73
Alemanya,2009/2010,Claudio Pizarro,Werder Bremen,45,"MP(C),DL",23(3),2130,16,2,4,-,2.6,75.5,0.4,2,7.63
Alemanya,2009/2010,Mesut Özil,Werder Bremen,35,ME(CID),29(2),2601,9,13,2,-,2.2,82.5,0.1,6,7.62
Alemanya,2009/2010,Naldo,Werder Bremen,41,DF(C),31,2762,5,2,5,-,2,83.1,1.3,6,7.59
Alemanya,2009/2010,Toni Kroos,Leverkusen,34,ME(C),26(7),2360,9,9,6,-,2.2,82.2,0.2,5,7.59
Alemanya,2009/2010,Raffael,Hertha Berlin,39,"MP(CI),DL",30(1),2654,7,4,9,-,2.4,84.1,0.3,5,7.56
Alemanya,2009/2010,Bastian Schweinsteiger,Bayern,39,"DF(C),ME(C)",33,2908,2,3,6,-,1.7,86,1.1,2,7.55
Alemanya,2010/2011,Nuri Sahin,Borussia Dortmund,35,ME(C),30,2595,6,8,4,-,2,75.9,0.3,8,7.89
Alemanya,2010/2011,Franck Ribéry,Bayern,41,"MP(CI),DL",22(3),1972,7,11,5,-,2.8,79.5,0.1,4,7.82
Alemanya,2010/2011,Arturo Vidal,Leverkusen,36,ME(CD),31(2),2708,10,11,4,1,1.6,83.6,0.8,10,7.77
Alemanya,2010/2011,Diego,Wolfsburg,39,ME(CID),30,2631,6,9,7,-,1.9,73.5,0.3,7,7.53
Alemanya,2010/2011,Christian Tiffert,Kaiserslautern,42,"DF(C),ME(C)",33,2933,2,17,8,-,1.1,76,0.4,6,7.49
Alemanya,2010/2011,Christian Fuchs,Mainz,38,"DF(CI),ME(I)",30(1),2649,-,8,6,-,1.1,71,1.1,2,7.43
Alemanya,2010/2011,Mario Gomez,Bayern,38,DL,27(5),2452,28,2,2,-,3,73.5,0.4,4,7.42
Alemanya,2010/2011,Zé Roberto,Hamburg,49,"DF(I),ME(CI)",31,2745,1,9,5,-,0.5,85.8,0.1,3,7.41
Alemanya,2010/2011,Renato Augusto,Leverkusen,36,"ME(CID),DL",26(1),2222,7,2,5,-,2.1,78.5,0.4,4,7.40
Alemanya,2010/2011,Mario Götze,Borussia Dortmund,31,"ME(CID),DL",29(4),2549,6,11,1,-,1.2,79.8,0.4,4,7.38
Alemanya,2011/2012,Marco Reus,Borussia M.Gladbach,34,"ME(CID),DL",32,2782,18,9,3,-,3.2,78.4,0.2,12,7.99
Alemanya,2011/2012,Franck Ribéry,Bayern,41,"MP(CI),DL",27(5),2393,12,12,4,1,2.2,84.8,0.3,6,7.88
Alemanya,2011/2012,Mario Götze,Borussia Dortmund,31,"ME(CID),DL",14(3),1192,6,5,3,1,1.5,78.4,0.4,2,7.77
Alemanya,2011/2012,Claudio Pizarro,Werder Bremen,45,"MP(C),DL",28(1),2521,18,8,5,-,2.9,75.5,1,4,7.73
Alemanya,2011/2012,Robert Lewandowski,Borussia Dortmund,35,DL,34,2881,22,8,4,-,3.5,70.6,2.3,6,7.63
Alemanya,2011/2012,Klaas Jan Huntelaar,Schalke,40,DL,32,2803,29,8,1,-,3,76.1,1.3,6,7.63
Alemanya,2011/2012,Jefferson Farfán,Schalke,39,"ME(CD),DL",19(4),1754,4,8,2,-,1,79.9,1,3,7.60
Alemanya,2011/2012,Kyriakos Papadopoulos,Schalke,32,DF(C),28(1),2549,2,2,9,1,0.9,80.2,3.1,1,7.59
Alemanya,2011/2012,Christian Fuchs,Schalke,38,"DF(CI),ME(I)",29,2610,2,7,5,-,0.9,76.3,1.3,1,7.58
Alemanya,2011/2012,Mats Hummels,Borussia Dortmund,35,DF(C),33,2950,1,2,1,-,0.7,77.6,2,1,7.57
Alemanya,2012/2013,Franck Ribéry,Bayern,41,"MP(CI),DL",24(3),2120,10,14,2,-,2.4,87.7,0.4,11,8.42
Alemanya,2012/2013,Stefan Kießling,Leverkusen,40,DL,34,3020,25,7,1,-,3.5,66,5.3,10,8.02
Alemanya,2012/2013,Diego,Wolfsburg,39,ME(CID),32,2880,10,7,7,-,2.1,83.3,0.4,8,7.84
Alemanya,2012/2013,Mario Götze,Borussia Dortmund,31,"ME(CID),DL",23(5),2038,10,9,4,-,1.9,83.4,0.6,4,7.81
Alemanya,2012/2013,Dani Carvajal,Leverkusen,32,DF(D),31(1),2783,1,7,7,-,0.4,79.8,1.3,2,7.72
Alemanya,2012/2013,Jefferson Farfán,Schalke,39,"ME(CD),DL",25(2),2179,6,6,1,-,1.9,82.7,0.7,5,7.71
Alemanya,2012/2013,Thomas Müller,Bayern,34,"ME(CID),DL",25(3),2102,13,11,-,-,2.4,77.7,1.5,4,7.69
Alemanya,2012/2013,Toni Kroos,Bayern,34,ME(C),23(1),1926,6,8,2,-,2.2,89.7,0.5,3,7.69
Alemanya,2012/2013,André Schürrle,Leverkusen,33,"ME(CID),DL",34,2830,11,7,1,-,3.6,78.5,0.5,3,7.67
Alemanya,2012/2013,Robert Lewandowski,Borussia Dortmund,35,DL,29(2),2599,24,5,2,1,3.2,71.9,2.8,4,7.66
Alemanya,2013/2014,Franck Ribéry,Bayern,41,"MP(CI),DL",18(4),1643,10,10,2,-,2.7,83.8,0.4,8,8.28
Alemanya,2013/2014,Ricardo Rodríguez,Wolfsburg,31,"DF(CI),ME(I)",34,3060,5,9,2,-,1.1,80.4,3.1,8,8.01
Alemanya,2013/2014,Robert Lewandowski,Borussia Dortmund,35,DL,31(2),2807,20,6,3,-,3.5,72.1,4.4,7,8.00
Alemanya,2013/2014,Roberto Firmino,Hoffenheim,32,"ME(CID),DL",33,2916,16,11,5,-,2.8,74.7,2.2,9,7.94
Alemanya,2013/2014,Marco Reus,Borussia Dortmund,34,"ME(CID),DL",26(4),2221,16,13,6,-,3.7,74.7,0.9,5,7.91
Alemanya,2013/2014,Raffael,Borussia M.Gladbach,39,"MP(CI),DL",34,2999,15,7,1,-,2.2,84,0.5,6,7.91
Alemanya,2013/2014,Max Kruse,Borussia M.Gladbach,36,"ME(CID),DL",34,3021,12,9,3,-,2.2,82.4,0.9,7,7.88
Alemanya,2013/2014,Adrián Ramos,Hertha Berlin,38,DL,30(2),2665,16,5,3,-,2.9,73.7,6.2,6,7.75
Alemanya,2013/2014,Mario Götze,Bayern,31,"ME(CID),DL",20(7),1830,10,8,-,-,1.9,87.9,0.6,4,7.72
Alemanya,2013/2014,Mats Hummels,Borussia Dortmund,35,DF(C),23,1962,2,2,4,1,0.9,81.4,4.9,1,7.71
Alemanya,2014/2015,Arjen Robben,Bayern,40,"ME(CID),DL",20(1),1679,17,7,-,-,4.2,83.1,0.9,11,8.45
Alemanya,2014/2015,Kevin De Bruyne,Wolfsburg,32,"ME(CID),DL",34,3052,10,20,3,-,2.8,74.5,0.5,6,7.95
Alemanya,2014/2015,Roberto Firmino,Hoffenheim,32,"ME(CID),DL",33,2918,7,10,5,-,2.9,72.7,2.3,5,7.79
Alemanya,2014/2015,Naldo,Wolfsburg,41,DF(C),32,2879,7,2,5,-,1.6,83.6,4.8,5,7.78
Alemanya,2014/2015,Ricardo Rodríguez,Wolfsburg,31,"DF(CI),ME(I)",26,2294,6,4,2,-,1.3,80.9,3.3,3,7.72
Alemanya,2014/2015,Karim Bellarabi,Leverkusen,34,"ME(CID),DL",32(1),2725,12,6,5,-,3.2,67.3,0.6,5,7.64
Alemanya,2014/2015,Granit Xhaka,Borussia M.Gladbach,31,"DF(I),ME(C)",30,2639,2,1,10,1,2,86.1,3.2,3,7.61
Alemanya,2014/2015,Mats Hummels,Borussia Dortmund,35,DF(C),23(1),2032,2,-,2,-,0.9,77.3,6.1,4,7.60
Alemanya,2014/2015,Bas Dost,Wolfsburg,34,DL,17(4),1530,16,4,1,-,2,64.9,4.3,2,7.59
Alemanya,2014/2015,Marco Reus,Borussia Dortmund,34,"ME(CID),DL",18(2),1571,7,5,1,-,3.3,75.7,0.8,5,7.54
Alemanya,2015/2016,Henrikh Mkhitaryan,Borussia Dortmund,35,"ME(CID),DL",28(3),2578,11,15,5,-,2.6,75.6,0.8,11,7.90
Alemanya,2015/2016,Raffael,Borussia M.Gladbach,39,"MP(CI),DL",30(1),2690,13,10,2,-,2.3,81.8,0.4,6,7.64
Alemanya,2015/2016,Robert Lewandowski,Bayern,35,DL,29(3),2654,30,2,2,-,4.8,79.2,1.7,6,7.61
Alemanya,2015/2016,Caiuby,Augsburg,35,"MP(CI),DL",25(1),2218,4,5,11,-,2.6,64.1,7.6,3,7.60
Alemanya,2015/2016,Douglas Costa,Bayern,33,ME(CID),23(4),1973,4,9,1,-,2.4,80.1,0.1,3,7.56
Alemanya,2015/2016,Kingsley Coman,Bayern,27,"ME(ID),DL",20(3),1688,4,6,-,-,1.6,84.5,0.6,2,7.52
Alemanya,2015/2016,Thomas Müller,Bayern,34,"ME(CID),DL",26(5),2345,20,5,4,-,3,77,1.7,3,7.50
Alemanya,2015/2016,Lars Stindl,Borussia M.Gladbach,35,"ME(CID),DL",29(1),2597,7,8,5,-,2.2,80.3,1.5,1,7.44
Alemanya,2015/2016,Ilkay Gündogan,Borussia Dortmund,33,ME(C),22(3),1994,1,3,1,-,2,87.9,0.8,1,7.43
Alemanya,2015/2016,Arturo Vidal,Bayern,36,ME(CD),24(6),2048,4,5,3,-,1.7,90.2,1.6,4,7.40
Alemanya,2016/2017,Thiago Alcântara,Bayern,33,ME(C),26(1),2291,6,5,4,-,1.3,90.2,1.7,6,8.28
Alemanya,2016/2017,Arjen Robben,Bayern,40,"ME(CID),DL",21(5),1830,13,9,-,-,3.2,81.2,0.3,5,7.82
Alemanya,2016/2017,Emil Forsberg,RBL,32,"MP(CID),DL",27(3),2349,8,19,1,1,1.6,76.2,0.6,9,7.75
Alemanya,2016/2017,Robert Lewandowski,Bayern,35,DL,31(2),2777,30,5,5,-,4.3,75.2,1.9,6,7.74
Alemanya,2016/2017,Naby Keïta,RBL,29,ME(C),29(2),2416,8,7,8,-,1.4,81.8,0.6,3,7.60
Alemanya,2016/2017,Max Kruse,Werder Bremen,36,"ME(CID),DL",23,2047,15,7,1,-,1.8,76.1,1.9,3,7.54
Alemanya,2016/2017,Kerem Demirbay,Hoffenheim,30,ME(C),27(1),2182,6,8,4,-,1.8,78.8,0.4,6,7.49
Alemanya,2016/2017,Ousmane Dembélé,Borussia Dortmund,26,"MP(CID),DL",22(10),2042,6,12,7,-,1.7,67,0.2,5,7.44
Alemanya,2016/2017,Sebastian Rudy,Hoffenheim,34,"DF(D),ME(CD)",32,2789,2,7,9,-,0.8,80.8,1.3,3,7.43
Alemanya,2016/2017,Pierre-Emerick Aubameyang,Borussia Dortmund,34,"ME(CID),DL",31(1),2782,31,2,3,-,3.6,69.7,1.3,3,7.42
Alemanya,2017/2018,James Rodríguez,Bayern,32,"MP(CID),DL",19(4),1627,7,11,2,-,1.7,90,0.3,5,7.63
Alemanya,2017/2018,Daniel Caligiuri,Schalke,36,"DF(D),ME(CID),DL",32(1),2918,6,10,4,-,1.1,71.9,0.8,7,7.57
Alemanya,2017/2018,Robert Lewandowski,Bayern,35,DL,24(6),2169,29,2,1,-,4.2,79.5,1.8,2,7.49
Alemanya,2017/2018,Arturo Vidal,Bayern,36,ME(CD),17(5),1461,6,2,6,-,2.2,88.5,1.8,5,7.49
Alemanya,2017/2018,Naldo,Schalke,41,DF(C),34,3060,7,2,4,-,1.4,85.7,4.9,6,7.42
Alemanya,2017/2018,Serge Gnabry,Hoffenheim,28,"MP(CID),DL",20(2),1507,10,5,-,-,2.2,77.4,0.3,2,7.41
Alemanya,2017/2018,Thiago Alcântara,Bayern,33,ME(C),12(7),1243,2,2,3,-,1.3,91.5,1.2,2,7.36
Alemanya,2017/2018,Salif Sané,Hannover,33,"DF(C),MC",32,2880,4,1,6,-,0.9,81,5.7,5,7.34
Alemanya,2017/2018,Leon Bailey,Leverkusen,26,"ME(CID),DL",25(5),2223,9,6,2,-,2.5,75,0.9,4,7.32
Alemanya,2017/2018,Arjen Robben,Bayern,40,"ME(CID),DL",19(2),1518,5,5,-,-,2.4,85,0.8,2,7.31
Alemanya,2018/2019,Robert Lewandowski,Bayern,35,DL,33,2959,22,7,2,-,4.4,77.5,1.7,5,7.65
Alemanya,2018/2019,Thiago Alcântara,Bayern,33,ME(C),26(4),2409,2,6,5,-,0.8,91.8,1.2,3,7.59
Alemanya,2018/2019,Kerem Demirbay,Hoffenheim,30,ME(C),24(2),2023,4,9,6,-,2.3,81.2,0.7,6,7.59
Alemanya,2018/2019,Marcel Halstenberg,RBL,32,"DF(CI),ME(I)",27(1),2414,3,6,2,-,0.8,74.3,2.6,3,7.56
Alemanya,2018/2019,Sébastien Haller,Eintracht Frankfurt,29,DL,23(6),2181,15,9,3,-,1.9,63.5,6.9,3,7.55
Alemanya,2018/2019,Jadon Sancho,Borussia Dortmund,24,MP(CID),26(8),2464,12,14,2,-,1.2,84.9,-,7,7.52
Alemanya,2018/2019,Joshua Kimmich,Bayern,29,"DF(CD),MC,ME(D)",34,3060,2,13,4,-,0.7,90.5,0.7,4,7.49
Alemanya,2018/2019,Thorgan Hazard,Borussia M.Gladbach,31,"ME(CID),DL",33,2878,10,10,1,-,2.3,76.9,0.7,6,7.44
Alemanya,2018/2019,Willi Orbán,RBL,31,DF(C),23(1),2050,4,-,5,-,1.1,78.2,4.8,3,7.41
Alemanya,2018/2019,Lukasz Piszczek,Borussia Dortmund,38,"DF(CD),ME(D)",20,1759,1,6,3,-,0.6,83.3,3.1,2,7.41
Alemanya,2019/2020,Robert Lewandowski,Bayern,35,DL,31,2762,34,4,5,-,4.5,73.2,2,7,8.13
Alemanya,2019/2020,Jadon Sancho,Borussia Dortmund,24,MP(CID),25(7),2292,17,16,2,-,1.6,85.1,-,7,7.64
Alemanya,2019/2020,Timo Werner,RBL,28,"MP(CID),DL",33(1),2809,28,8,4,-,3.6,75.6,0.2,10,7.60
Alemanya,2019/2020,Alphonso Davies,Bayern,23,"DF(I),ME(ID)",24(5),2234,3,5,2,1,0.4,86.5,1.1,1,7.52
Alemanya,2019/2020,Marco Reus,Borussia Dortmund,34,"ME(CID),DL",18(1),1502,11,5,1,-,2.5,82.5,0.4,2,7.50
Alemanya,2019/2020,Serge Gnabry,Bayern,28,"MP(CID),DL",26(5),2203,12,10,-,-,3.1,82.3,0.2,7,7.49
Alemanya,2019/2020,Thiago Alcântara,Bayern,33,ME(C),20(4),1772,3,-,7,-,0.8,90.5,1.5,1,7.47
Alemanya,2019/2020,Thomas Müller,Bayern,34,"ME(CID),DL",26(7),2260,8,21,5,-,1.6,78,1,1,7.42
Alemanya,2019/2020,Filip Kostic,Eintracht Frankfurt,31,"ME(ID),DL",33,2959,4,11,4,-,2.7,67,0.6,5,7.41
Alemanya,2019/2020,Joshua Kimmich,Bayern,29,"DF(CD),MC,ME(D)",32(1),2822,4,7,7,-,0.8,90.1,0.8,1,7.40
Alemanya,2020/2021,Robert Lewandowski,Bayern,35,DL,28(1),2463,41,7,4,-,4.7,77.2,1.7,11,8.07
Alemanya,2020/2021,Erling Haaland,Borussia Dortmund,23,DL,27(1),2410,27,6,2,-,3.3,72.7,1.3,8,7.63
Alemanya,2020/2021,Joshua Kimmich,Bayern,29,"DF(CD),MC,ME(D)",25(2),2197,4,10,4,-,1.4,88.3,0.7,1,7.57
Alemanya,2020/2021,Jadon Sancho,Borussia Dortmund,24,MP(CID),24(2),2069,8,11,-,-,2,82.4,0.1,4,7.54
Alemanya,2020/2021,André Silva,Eintracht Frankfurt,28,DL,32,2771,28,5,1,-,3.7,73.4,2.3,8,7.51
Alemanya,2020/2021,Thomas Müller,Bayern,34,"ME(CID),DL",31(1),2683,11,18,-,-,1.6,75,1.6,3,7.51
Alemanya,2020/2021,Matheus Cunha,Hertha Berlin,24,"MP(CI),DL",25(2),2156,7,4,9,-,2.6,70.9,0.7,5,7.33
Alemanya,2020/2021,Wout Weghorst,Wolfsburg,31,DL,33(1),2950,20,8,3,-,2.7,66.1,2.8,6,7.31
Alemanya,2020/2021,Maximilian Arnold,Wolfsburg,29,ME(CD),30,2591,3,6,7,1,1.8,84.4,1.4,5,7.30
Alemanya,2020/2021,Filip Kostic,Eintracht Frankfurt,31,"ME(ID),DL",29(1),2536,4,14,4,-,1.7,69.9,0.5,6,7.29
Alemanya,2021/2022,Robert Lewandowski,Bayern,35,DL,34,2952,35,3,2,-,4.7,77.4,1.6,8,7.89
Alemanya,2021/2022,Christopher Nkunku,RBL,26,"ME(CID),DL",31(3),2735,20,13,2,-,2.4,81.8,0.8,10,7.64
Alemanya,2021/2022,Joshua Kimmich,Bayern,29,"DF(CD),MC,ME(D)",28,2478,3,11,4,-,1,88,0.6,5,7.60
Alemanya,2021/2022,Erling Haaland,Borussia Dortmund,23,DL,21(3),1915,22,7,3,-,3.3,71.3,1.6,6,7.55
Alemanya,2021/2022,Patrik Schick,Leverkusen,28,"MP(D),DL",26(1),2094,24,3,-,-,3.3,68.9,2,4,7.45
Alemanya,2021/2022,Florian Wirtz,Leverkusen,20,"MP(CI),DL",22(2),1864,7,10,2,-,1.5,78.7,0.3,3,7.41
Alemanya,2021/2022,Nico Schlotterbeck,Freiburg,24,DF(C),32,2789,4,1,5,-,1.1,80.6,3.4,1,7.39
Alemanya,2021/2022,Thomas Müller,Bayern,34,"ME(CID),DL",32,2578,8,18,-,-,1.7,77,1,3,7.34
Alemanya,2021/2022,Alphonso Davies,Bayern,23,"DF(I),ME(ID)",20(2),1744,-,3,3,-,0.8,84.3,0.5,2,7.31
Alemanya,2021/2022,Serge Gnabry,Bayern,28,"MP(CID),DL",25(9),2192,14,5,-,-,2,82,0.2,2,7.30
Alemanya,2022/2023,Jude Bellingham,Borussia Dortmund,20,ME(CID),30(1),2693,8,4,8,-,2.2,83.1,1.1,6,7.58
Alemanya,2022/2023,Joshua Kimmich,Bayern,29,"DF(CD),MC,ME(D)",32(1),2815,5,6,4,1,0.8,89.7,0.5,4,7.47
Alemanya,2022/2023,Niclas Füllkrug,Werder Bremen,31,DL,28,2479,16,5,4,-,2.8,63.7,5.5,5,7.38
Alemanya,2022/2023,Christopher Nkunku,RBL,26,"ME(CID),DL",20(5),1899,16,4,4,-,3,81.8,0.7,8,7.35
Alemanya,2022/2023,Jamal Musiala,Bayern,21,ME(CI),26(7),2212,12,10,1,-,2,85.4,0.4,4,7.34
Alemanya,2022/2023,Dominik Szoboszlai,RBL,23,MP(CID),28(3),2453,6,8,3,2,1.9,83,0.2,4,7.32
Alemanya,2022/2023,Randal Kolo Muani,Eintracht Frankfurt,25,"MP(CID),DL",31(1),2648,15,11,4,1,2.4,67,1.9,10,7.29
Alemanya,2022/2023,Julian Brandt,Borussia Dortmund,27,"ME(CID),DL",29(3),2412,9,8,2,-,1.3,83.8,0.3,3,7.28
Alemanya,2022/2023,Raphaël Guerreiro,Borussia Dortmund,30,"DF(I),ME(CI)",26(1),2296,4,12,4,-,1.2,85.1,0.2,3,7.27
Alemanya,2022/2023,Vincenzo Grifo,Freiburg,31,MP(CI),30(3),2427,15,5,2,-,2,78.8,0.5,5,7.27
Alemanya,2023/2024,Harry Kane,Bayern,30,"MP(C),DL",29,2574,32,7,2,-,4.6,72.6,1,7,7.77
Alemanya,2023/2024,Serhou Guirassy,Stuttgart,28,"MP(I),DL",20(3),1769,25,1,-,-,3.2,80.6,2.2,6,7.76
Alemanya,2023/2024,Leroy Sané,Bayern,28,"ME(CID),DL",25(1),2124,8,11,4,-,2.8,84.3,0.1,2,7.75
Alemanya,2023/2024,Victor Boniface,Leverkusen,23,DL,16(2),1371,11,8,2,-,4.1,72.9,1.4,3,7.70
Alemanya,2023/2024,Álex Grimaldo,Leverkusen,28,"DF(I),ME(I)",28(1),2528,9,12,1,-,2.2,87.6,0.4,7,7.69
Alemanya,2023/2024,Xavi Simons,RBL,20,"MP(CID),DL",28,2344,7,10,8,-,2.4,81.8,0.7,5,7.67
Alemanya,2023/2024,Jamal Musiala,Bayern,21,ME(CI),20(4),1767,10,6,2,-,2.4,81.9,0.3,4,7.65
Alemanya,2023/2024,Florian Wirtz,Leverkusen,20,"MP(CI),DL",26(3),2321,11,10,3,-,2.3,84.7,0.3,5,7.62
Alemanya,2023/2024,Deniz Undav,Stuttgart,27,"MP(C),DL",18(7),1672,16,8,3,-,3.2,74.3,0.6,5,7.44
Alemanya,2023/2024,Loïs Openda,RBL,24,DL,28(1),2281,22,6,4,-,3.8,68.5,0.7,6,7.39
Anglaterra,2009/2010,Didier Drogba,Chelsea,46,DL,31(1),2775,29,10,7,-,5.6,59.7,1.8,13,8.32
Anglaterra,2009/2010,Cesc Fàbregas,Arsenal,36,"ME(CI),DL",26(1),2194,15,13,5,-,3.2,79.3,0.5,11,8.25
Anglaterra,2009/2010,Frank Lampard,Chelsea,45,ME(C),36,3220,22,14,-,-,3.9,81,0.1,2,7.95
Anglaterra,2009/2010,Wayne Rooney,Man Utd,38,"ME(CID),DL",32,2723,26,3,6,-,5.7,73.6,0.8,5,7.91
Anglaterra,2009/2010,Abou Diaby,Arsenal,37,ME(C),26(3),2322,6,3,2,-,1.3,83.1,1.9,6,7.76
Anglaterra,2009/2010,Fernando Torres,Liverpool,40,DL,20(2),1718,18,3,5,-,3.6,69.4,1.7,5,7.65
Anglaterra,2009/2010,Gareth Bale,Tottenham,34,"ME(CID),DL",18(5),1707,3,5,2,-,1.7,64.9,2,2,7.64
Anglaterra,2009/2010,Florent Malouda,Chelsea,43,ME(CI),26(7),2304,12,8,3,1,1.9,84.1,0.6,4,7.63
Anglaterra,2009/2010,Glen Johnson,Liverpool,39,"DF(CID),ME(D)",24(1),2141,3,3,1,-,1.1,81.6,0.9,-,7.61
Anglaterra,2009/2010,Nicolas Anelka,Chelsea,45,DL,31(2),2705,11,7,-,-,3,78.6,1.1,2,7.60
Anglaterra,2010/2011,Nani,Man Utd,37,"ME(CID),DL",31(2),2674,9,14,1,-,4.1,80.3,0.4,8,7.71
Anglaterra,2010/2011,Carlos Tevez,Man City,40,"MP(CI),DL",30(1),2535,20,6,6,-,3.9,82.9,0.1,8,7.59
Anglaterra,2010/2011,Robin van Persie,Arsenal,40,"MP(C),DL",19(6),1768,18,7,4,-,3.9,79.7,1.1,6,7.56
Anglaterra,2010/2011,Cesc Fàbregas,Arsenal,36,"ME(CI),DL",22(3),1887,3,11,5,-,2.8,80.5,0.2,2,7.55
Anglaterra,2010/2011,Didier Drogba,Chelsea,46,DL,30(6),2793,11,13,6,-,4.2,61.8,2.1,7,7.55
Anglaterra,2010/2011,Andy Carroll,Newcastle,35,DL,18(1),1624,11,3,4,-,3.9,60.9,7.1,3,7.54
Anglaterra,2010/2011,Steven Gerrard,Liverpool,43,ME(C),20(1),1869,4,5,2,-,2.4,80.4,0.9,6,7.52
Anglaterra,2010/2011,Nemanja Vidic,Man Utd,42,DF(C),35,3118,5,1,6,1,0.6,81.2,2.9,5,7.51
Anglaterra,2010/2011,Charlie Adam,Blackpool,38,ME(C),34(1),3051,12,8,11,-,3.2,72,1.6,5,7.48
Anglaterra,2010/2011,Florent Malouda,Chelsea,43,ME(CI),33(5),2810,13,4,1,-,2.3,83.4,0.7,4,7.44
Anglaterra,2011/2012,Robin van Persie,Arsenal,40,"MP(C),DL",37(1),3334,30,10,8,-,4.6,78.6,0.7,12,7.80
Anglaterra,2011/2012,Wayne Rooney,Man Utd,38,"ME(CID),DL",32(2),2839,27,4,1,-,4.6,80.7,0.8,6,7.73
Anglaterra,2011/2012,Gareth Bale,Tottenham,34,"ME(CID),DL",36,3217,9,10,3,-,3.8,82.5,1,8,7.66
Anglaterra,2011/2012,Gylfi Sigurdsson,Swansea,34,"ME(CID),DL",17(1),1500,7,3,-,-,3.9,84.5,0.2,3,7.63
Anglaterra,2011/2012,Luka Modric,Tottenham,38,ME(C),36,3216,4,4,2,-,2.3,87.4,0.3,2,7.59
Anglaterra,2011/2012,Antonio Valencia,Man Utd,38,"DF(D),ME(D)",22(5),2120,4,13,3,-,1,85.6,0.4,4,7.51
Anglaterra,2011/2012,David Silva,Man City,38,"ME(CID),DL",33(3),2819,6,15,-,-,2.4,87.1,0.1,5,7.50
Anglaterra,2011/2012,Mikel Arteta,Arsenal,42,ME(C),29,2475,6,2,4,-,1.4,90.8,0.6,3,7.45
Anglaterra,2011/2012,Sergio Agüero,Man City,35,"MP(CI),DL",31(3),2602,23,8,2,-,3.8,86.5,0.1,6,7.45
Anglaterra,2011/2012,Nani,Man Utd,37,"ME(CID),DL",24(5),2111,8,10,2,-,2.2,80.2,0.5,3,7.43
Anglaterra,2012/2013,Gareth Bale,Tottenham,34,"ME(CID),DL",33,2925,21,4,6,-,5,78.6,1.7,11,7.92
Anglaterra,2012/2013,Luis Suárez,Liverpool,37,"MP(CID),DL",33,2955,23,5,10,-,5.7,76.6,0.4,9,7.89
Anglaterra,2012/2013,Santi Cazorla,Arsenal,39,ME(CID),37(1),3311,12,11,1,-,3,86.8,0.2,9,7.86
Anglaterra,2012/2013,Robin van Persie,Man Utd,40,"MP(C),DL",35(3),3123,26,9,6,-,3.7,80.4,1.3,10,7.71
Anglaterra,2012/2013,Jan Vertonghen,Tottenham,36,DF(CI),34,3060,4,3,7,-,1.1,87.1,1.6,5,7.62
Anglaterra,2012/2013,Marouane Fellaini,Everton,36,ME(C),31,2786,11,5,8,-,2.9,79.3,4.8,8,7.59
Anglaterra,2012/2013,Andy Carroll,West Ham,35,DL,22(2),1939,7,4,5,-,3.3,60.9,9.3,2,7.58
Anglaterra,2012/2013,Steven Gerrard,Liverpool,43,ME(C),36,3223,9,9,5,-,2.6,85.5,1.1,3,7.54
Anglaterra,2012/2013,Chico Flores,Swansea,37,DF(C),26,2241,-,-,5,1,0.8,89.4,2.5,3,7.47
Anglaterra,2012/2013,Christian Benteke,Aston Villa,33,DL,32(2),2824,19,4,7,1,3.1,65,7.9,8,7.45
Anglaterra,2013/2014,Luis Suárez,Liverpool,37,"MP(CID),DL",33,2965,31,12,6,-,5.5,74.8,0.7,14,8.43
Anglaterra,2013/2014,Steven Gerrard,Liverpool,43,ME(C),33(1),2900,13,13,7,-,1.8,86,1.3,4,7.77
Anglaterra,2013/2014,Aaron Ramsey,Arsenal,33,ME(CID),20(3),1764,10,8,3,-,2.2,84.4,0.5,6,7.76
Anglaterra,2013/2014,Sergio Agüero,Man City,35,"MP(CI),DL",20(3),1539,17,6,4,-,3.7,84.9,0.4,6,7.71
Anglaterra,2013/2014,Eden Hazard,Chelsea,33,"ME(CID),DL",32(3),2898,14,7,2,-,2.1,83.4,0.5,6,7.68
Anglaterra,2013/2014,Wayne Rooney,Man Utd,38,"ME(CID),DL",27(2),2448,17,10,8,-,3.5,80.1,0.9,6,7.62
Anglaterra,2013/2014,David Silva,Man City,38,"ME(CID),DL",26(1),2174,7,9,5,-,2,88.2,0.3,4,7.57
Anglaterra,2013/2014,Yaya Touré,Man City,40,ME(C),35,2927,20,9,4,-,1.8,90.1,0.9,4,7.55
Anglaterra,2013/2014,Mile Jedinak,Crystal Palace,39,"DF(C),MC",38,3389,1,1,7,-,0.9,71.9,4.4,5,7.55
Anglaterra,2013/2014,Yohan Cabaye,Newcastle,38,ME(C),17(2),1509,7,2,5,-,3.3,82,0.1,3,7.48
Anglaterra,2014/2015,Eden Hazard,Chelsea,33,"ME(CID),DL",38,3379,14,9,2,-,2.1,86.8,0.4,10,7.96
Anglaterra,2014/2015,Alexis Sánchez,Arsenal,35,"ME(CID),DL",34(1),2953,16,8,4,-,3.5,76.8,0.8,8,7.81
Anglaterra,2014/2015,Sergio Agüero,Man City,35,"MP(CI),DL",30(3),2540,26,8,4,-,4.5,85.6,0.2,5,7.67
Anglaterra,2014/2015,Cesc Fàbregas,Chelsea,36,"ME(CI),DL",33(1),2890,3,18,11,1,1.3,85.2,0.8,3,7.62
Anglaterra,2014/2015,Santi Cazorla,Arsenal,39,ME(CID),33(4),2992,7,11,5,-,2.5,89,0.1,4,7.60
Anglaterra,2014/2015,Mesut Özil,Arsenal,35,ME(CID),21(1),1860,4,5,-,-,1.3,88.3,0.2,-,7.57
Anglaterra,2014/2015,Mile Jedinak,Crystal Palace,39,"DF(C),MC",24,2081,5,3,3,1,1.3,66.6,4.7,2,7.55
Anglaterra,2014/2015,David Silva,Man City,38,"ME(CID),DL",32,2661,12,7,8,-,2.1,85.7,0.5,3,7.53
Anglaterra,2014/2015,Phil Jones,Man Utd,32,"DF(CD),MC",22,1879,-,-,3,-,0.1,85.3,2.3,3,7.51
Anglaterra,2014/2015,Morgan Schneiderlin,Southampton,34,MC,24(2),2188,4,1,5,1,1.2,89.3,1.8,3,7.51
Anglaterra,2015/2016,Riyad Mahrez,Leicester,33,"MP(CID),DL",36(1),3058,17,11,1,-,2.3,73.6,0.9,10,7.84
Anglaterra,2015/2016,Dimitri Payet,West Ham,37,"ME(CID),DL",29(1),2573,9,12,3,-,2.3,80.2,0.1,5,7.74
Anglaterra,2015/2016,Alexis Sánchez,Arsenal,35,"ME(CID),DL",28(2),2446,13,4,1,-,3.6,79.6,0.7,6,7.72
Anglaterra,2015/2016,Mousa Dembélé,Tottenham,36,ME(CD),27(2),2273,3,1,3,-,0.8,90,1.1,4,7.69
Anglaterra,2015/2016,Mesut Özil,Arsenal,35,ME(CID),35,3049,6,19,4,-,1.4,86.3,0.1,6,7.66
Anglaterra,2015/2016,N'Golo Kanté,Leicester,33,ME(C),33(4),3020,1,4,3,-,0.6,81.6,1,3,7.61
Anglaterra,2015/2016,Virgil van Dijk,Southampton,32,DF(C),34,3060,3,-,2,-,0.9,83.1,4.8,7,7.56
Anglaterra,2015/2016,Harry Kane,Tottenham,30,"MP(C),DL",38,3370,25,1,5,-,4.2,73.1,2,8,7.53
Anglaterra,2015/2016,Jamie Vardy,Leicester,37,"MP(I),DL",36,3140,24,6,5,1,3.2,65.8,2.6,3,7.51
Anglaterra,2015/2016,Christian Fuchs,Leicester,38,"DF(CI),ME(I)",30(2),2710,-,4,4,-,0.6,72.4,1.5,4,7.50
Anglaterra,2016/2017,Eden Hazard,Chelsea,33,"ME(CID),DL",36,3007,16,5,3,-,2.1,84.2,0.6,13,7.82
Anglaterra,2016/2017,Alexis Sánchez,Arsenal,35,"ME(CID),DL",36(2),3224,24,10,6,-,3.4,73.6,0.4,11,7.75
Anglaterra,2016/2017,Paul Pogba,Man Utd,31,ME(CI),29(1),2610,5,4,7,-,3.1,85.1,2.8,4,7.72
Anglaterra,2016/2017,Harry Kane,Tottenham,30,"MP(C),DL",29(1),2536,29,7,3,-,3.7,71.7,1.5,7,7.71
Anglaterra,2016/2017,Philippe Coutinho,Liverpool,31,ME(CID),28(3),2245,13,7,2,-,3.4,83.9,0.2,8,7.56
Anglaterra,2016/2017,Kevin De Bruyne,Man City,32,"ME(CID),DL",33(3),2885,6,18,4,-,2.4,82,0.4,9,7.55
Anglaterra,2016/2017,Roberto Firmino,Liverpool,32,"ME(CID),DL",34(1),3069,11,7,5,-,2.9,79.4,1.8,5,7.54
Anglaterra,2016/2017,Christian Eriksen,Tottenham,32,"ME(CID),DL",36,3167,8,15,-,-,3.7,80.2,0.6,7,7.54
Anglaterra,2016/2017,Sadio Mané,Liverpool,32,"MP(CID),DL",26(1),2248,13,5,4,-,2.1,77.5,1.6,2,7.51
Anglaterra,2016/2017,Romelu Lukaku,Everton,30,"MP(D),DL",36(1),3267,25,6,3,-,3,65.5,3.7,6,7.50
Anglaterra,2017/2018,Sergio Agüero,Man City,35,"MP(CI),DL",22(3),1969,21,6,2,-,3.8,82.8,0.4,4,7.81
Anglaterra,2017/2018,Kevin De Bruyne,Man City,32,"ME(CID),DL",36(1),3085,8,16,2,-,2.5,83.4,0.4,8,7.80
Anglaterra,2017/2018,Mohamed Salah,Liverpool,31,"MP(CID),DL",34(2),2922,32,10,1,-,4,76.7,0.4,8,7.69
Anglaterra,2017/2018,Eden Hazard,Chelsea,33,"ME(CID),DL",28(6),2433,12,4,2,-,2.1,83.6,0.2,9,7.69
Anglaterra,2017/2018,Harry Kane,Tottenham,30,"MP(C),DL",35(2),3083,30,2,5,-,5,71.2,1.6,9,7.60
Anglaterra,2017/2018,David Silva,Man City,38,"ME(CID),DL",28(1),2437,9,11,5,-,1.9,88.9,0.6,4,7.58
Anglaterra,2017/2018,Raheem Sterling,Man City,29,"ME(CID),DL",29(4),2593,18,11,3,1,2.6,84,0.2,4,7.55
Anglaterra,2017/2018,Leroy Sané,Man City,28,"ME(CID),DL",27(5),2423,10,15,4,-,1.8,84.2,0.5,3,7.54
Anglaterra,2017/2018,Paul Pogba,Man Utd,31,ME(CI),25(2),2151,6,10,5,1,2.8,85.3,1.9,4,7.48
Anglaterra,2017/2018,Fernandinho,Man City,38,"DF(CD),MC",33(1),2885,5,3,7,-,1.4,90.1,2.8,1,7.44
Anglaterra,2018/2019,Eden Hazard,Chelsea,33,"ME(CID),DL",32(5),2926,16,15,2,-,2.5,84.3,0.5,14,7.81
Anglaterra,2018/2019,Raheem Sterling,Man City,29,"ME(CID),DL",31(3),2777,17,10,3,-,2.3,85.8,0.4,8,7.61
Anglaterra,2018/2019,Mohamed Salah,Liverpool,31,"MP(CID),DL",37(1),3262,22,8,1,-,3.6,75.9,0.3,8,7.57
Anglaterra,2018/2019,Sergio Agüero,Man City,35,"MP(CI),DL",31(2),2480,21,8,3,-,3.6,85,0.5,5,7.53
Anglaterra,2018/2019,Virgil van Dijk,Liverpool,32,DF(C),38,3385,4,2,1,-,0.8,89.7,4.8,4,7.44
Anglaterra,2018/2019,Sadio Mané,Liverpool,32,"MP(CID),DL",35(1),3086,22,1,2,-,2.4,78.2,1,6,7.43
Anglaterra,2018/2019,Harry Kane,Tottenham,30,"MP(C),DL",27(1),2427,17,4,5,-,3.6,73.1,1.8,6,7.38
Anglaterra,2018/2019,Trent Alexander-Arnold,Liverpool,25,"DF(D),MC,ME(D)",27(2),2467,1,12,3,-,1,77.5,0.3,1,7.36
Anglaterra,2018/2019,Lucas Digne,Everton,30,"DF(CI),ME(I)",33(2),2966,4,4,5,1,1,76,2.6,4,7.36
Anglaterra,2018/2019,Ricardo Pereira,Leicester,30,"DF(ID),ME(D)",35,3125,2,6,7,-,0.7,78,1.9,4,7.34
Anglaterra,2019/2020,Kevin De Bruyne,Man City,32,"ME(CID),DL",32(3),2800,13,20,3,-,2.8,81.5,0.5,10,7.97
Anglaterra,2019/2020,Ricardo Pereira,Leicester,30,"DF(ID),ME(D)",28,2520,3,2,1,-,0.6,78.9,1.5,2,7.50
Anglaterra,2019/2020,Adama Traoré,Wolves,28,"ME(CID),DL",27(10),2608,4,9,1,-,1.2,74.3,1.2,6,7.49
Anglaterra,2019/2020,Riyad Mahrez,Man City,33,"MP(CID),DL",21(12),1942,11,9,-,-,2.2,90.1,0.3,3,7.48
Anglaterra,2019/2020,Sadio Mané,Liverpool,32,"MP(CID),DL",31(4),2756,18,7,3,-,2.2,81.6,1.2,7,7.45
Anglaterra,2019/2020,Mohamed Salah,Liverpool,31,"MP(CID),DL",33(1),2888,19,10,1,-,3.9,76.5,0.4,6,7.40
Anglaterra,2019/2020,Raheem Sterling,Man City,29,"ME(CID),DL",30(3),2661,20,1,5,-,3,82.8,0.7,1,7.35
Anglaterra,2019/2020,Marcus Rashford,Man Utd,26,"MP(CID),DL",31,2655,17,7,3,-,3.1,77.3,0.7,7,7.35
Anglaterra,2019/2020,James Maddison,Leicester,27,MP(CID),29(2),2629,6,3,4,-,2.4,83,0.2,4,7.34
Anglaterra,2019/2020,Harry Kane,Tottenham,30,"MP(C),DL",29,2590,18,2,4,-,2.8,66.7,2.6,4,7.33
Anglaterra,2020/2021,Harry Kane,Tottenham,30,"MP(C),DL",35,3087,23,14,1,-,3.9,69.9,2.2,13,7.79
Anglaterra,2020/2021,Kevin De Bruyne,Man City,32,"ME(CID),DL",23(2),2001,6,12,1,-,3.1,81.7,0.2,8,7.62
Anglaterra,2020/2021,Jack Grealish,Aston Villa,28,"MP(CI),DL",24(2),2184,6,10,6,-,1.9,83.3,1,4,7.56
Anglaterra,2020/2021,Bruno Fernandes,Man Utd,29,ME(CID),35(2),3110,18,12,6,-,3.3,78.3,0.4,6,7.43
Anglaterra,2020/2021,Tomás Soucek,West Ham,29,ME(C),38,3420,10,1,7,1,1.7,75.5,6.2,6,7.36
Anglaterra,2020/2021,Mason Mount,Chelsea,25,ME(CID),32(4),2892,6,5,2,-,2.3,86.5,0.6,4,7.33
Anglaterra,2020/2021,Sadio Mané,Liverpool,32,"MP(CID),DL",31(4),2813,11,7,3,-,2.7,78.7,1,7,7.33
Anglaterra,2020/2021,Ilkay Gündogan,Man City,33,ME(C),23(4),2023,13,2,1,-,2,91.7,0.4,2,7.32
Anglaterra,2020/2021,João Cancelo,Man City,29,"DF(ID),ME(D)",27(1),2302,2,3,5,1,1.2,87.2,1,3,7.30
Anglaterra,2020/2021,Gareth Bale,Tottenham,34,"ME(CID),DL",10(10),923,11,2,1,-,1.9,73.2,1.2,4,7.30
Anglaterra,2021/2022,Kevin De Bruyne,Man City,32,"ME(CID),DL",25(5),2205,15,8,2,-,2.6,82.5,0.4,4,7.64
Anglaterra,2021/2022,Mohamed Salah,Liverpool,31,"MP(CID),DL",30(5),2763,23,13,1,-,4,79.9,0.2,7,7.54
Anglaterra,2021/2022,Son Heung-Min,Tottenham,31,"ME(CID),DL",35,2976,23,7,2,-,2.5,86.5,0.4,6,7.52
Anglaterra,2021/2022,Trent Alexander-Arnold,Liverpool,25,"DF(D),MC,ME(D)",32,2854,2,12,2,-,1.6,78.1,0.5,5,7.51
Anglaterra,2021/2022,Harry Kane,Tottenham,30,"MP(C),DL",36(1),3187,17,9,5,-,3.6,69.9,2,8,7.45
Anglaterra,2021/2022,Rodri,Man City,27,"DF(C),MC",33,2887,7,2,5,-,1.4,91.8,2.6,4,7.44
Anglaterra,2021/2022,João Cancelo,Man City,29,"DF(ID),ME(D)",36,3228,1,7,7,-,2.3,85.3,1.6,5,7.43
Anglaterra,2021/2022,Joël Matip,Liverpool,32,DF(C),31,2790,3,3,2,-,1.1,88.5,3.5,5,7.35
Anglaterra,2021/2022,Phil Foden,Man City,23,"MP(CID),DL",24(4),2133,9,5,1,-,2,87.4,0.2,1,7.30
Anglaterra,2021/2022,Sadio Mané,Liverpool,32,"MP(CID),DL",32(2),2825,16,2,5,-,2.9,77.3,0.9,3,7.29
Anglaterra,2022/2023,Kevin De Bruyne,Man City,32,"ME(CID),DL",28(4),2425,7,16,1,-,2,80.8,0.4,9,7.58
Anglaterra,2022/2023,Erling Haaland,Man City,23,DL,33(2),2779,36,8,5,-,3.5,74.8,1.4,6,7.54
Anglaterra,2022/2023,Harry Kane,Tottenham,30,"MP(C),DL",38,3408,30,3,6,-,3.4,72,1.7,8,7.51
Anglaterra,2022/2023,Bruno Fernandes,Man Utd,29,ME(CID),37,3320,8,8,6,-,2.5,77.7,0.5,6,7.44
Anglaterra,2022/2023,Gabriel Jesus,Arsenal,27,"MP(ID),DL",24(2),2075,11,6,6,-,3,81.5,1.7,4,7.42
Anglaterra,2022/2023,Kieran Trippier,Newcastle,33,"DF(ID),ME(D)",38,3348,1,7,5,-,0.4,76,1.3,8,7.41
Anglaterra,2022/2023,Bukayo Saka,Arsenal,22,"DF(I),ME(CID)",37(1),3195,14,11,6,-,2.3,80.9,0.4,4,7.40
Anglaterra,2022/2023,Solly March,Brighton,29,ME(CID),31(2),2728,7,7,2,-,2.2,78.6,0.9,6,7.38
Anglaterra,2022/2023,Jack Grealish,Man City,28,"MP(CI),DL",23(5),2064,5,7,4,-,1.5,87.6,0.5,3,7.33
Anglaterra,2022/2023,Martin Ødegaard,Arsenal,25,MP(CD),37,3149,15,7,4,-,2.5,84,0.4,7,7.29
Anglaterra,2023/2024,Bukayo Saka,Arsenal,22,"DF(I),ME(CID)",30,2507,14,8,3,-,2.9,82.9,0.7,6,7.61
Anglaterra,2023/2024,Rodri,Man City,27,"DF(C),MC",28,2409,7,7,8,1,2,92.1,1.8,5,7.60
Anglaterra,2023/2024,Phil Foden,Man City,23,"MP(CID),DL",28(2),2456,14,7,1,-,3,88.7,0.2,8,7.47
Anglaterra,2023/2024,Mohamed Salah,Liverpool,31,"MP(CID),DL",24(2),2149,17,9,2,-,3.6,76.1,0.2,4,7.36
Anglaterra,2023/2024,Erling Haaland,Man City,23,DL,25(1),2187,20,5,1,-,3.9,76.8,1.3,4,7.35
Anglaterra,2023/2024,Cole Palmer,Chelsea,21,"MP(CD),DL",22(4),2000,16,9,7,-,3,82.9,-,4,7.34
Anglaterra,2023/2024,Ollie Watkins,Aston Villa,28,"MP(ID),DL",32,2799,19,10,4,-,3,76.1,1.3,7,7.34
Anglaterra,2023/2024,Jérémy Doku,Man City,21,ME(ID),16(7),1401,3,7,3,-,2,86,0.1,5,7.34
Anglaterra,2023/2024,Son Heung-Min,Tottenham,31,"ME(CID),DL",28(1),2410,15,9,1,-,2.4,83.9,0.1,6,7.34
Anglaterra,2023/2024,Declan Rice,Arsenal,25,"DF(C),MC",31(1),2692,6,5,3,-,1.3,91,1.1,3,7.31
França,2009/2010,Nenê,Monaco,42,"MP(CID),DL",34,2997,14,4,5,-,4,66.7,-,8,7.73
França,2009/2010,Laurent Koscielny,Lorient,38,DF(C),35,3118,3,-,3,-,0.3,74.9,1.8,4,7.57
França,2009/2010,Benoît Pedretti,Auxerre,43,ME(C),36,3220,4,4,8,-,1,77.9,0.6,6,7.53
França,2009/2010,Mamadou Niang,Marseille,44,"MP(CID),DL",29(3),2494,18,6,7,-,3.2,76.4,1,4,7.50
França,2009/2010,Yohan Cabaye,Lille,38,ME(C),30(2),2557,13,7,4,1,3.2,76.5,0.3,6,7.50
França,2009/2010,Yoann Gourcuff,Bordeaux,37,ME(CI),26(3),2269,6,7,3,-,2.9,81.5,0.4,5,7.49
França,2009/2010,Cris,Lyon,46,DF(C),34,3060,4,1,7,-,0.6,82,2,5,7.47
França,2009/2010,Wendel,Bordeaux,42,ME(CI),25(6),2205,11,6,3,-,3,81.6,1.1,3,7.42
França,2009/2010,Gervinho,Lille,36,"ME(ID),DL",28(4),2472,13,4,4,-,1.8,80.6,0.1,3,7.39
França,2009/2010,Souleymane Diawara,Marseille,45,DF(C),37,3330,4,1,6,-,0.6,82.8,1.9,1,7.34
França,2010/2011,Nenê,PSG,42,"MP(CID),DL",35,3091,14,9,3,-,3.5,71,0.3,13,7.81
França,2010/2011,Eden Hazard,Lille,33,"ME(CID),DL",35(3),3085,7,10,2,-,1,80.4,0.3,7,7.47
França,2010/2011,Moussa Sow,Lille,38,"ME(ID),DL",33(3),2817,25,3,-,-,2.8,70,1.5,8,7.37
França,2010/2011,Dimitri Payet,Saint-Etienne,37,"ME(CID),DL",28(5),2526,13,3,5,-,2.7,69.6,0.2,7,7.37
França,2010/2011,Yohan Cabaye,Lille,38,ME(C),36,3099,2,8,10,-,2.6,82.5,0.3,1,7.37
França,2010/2011,Emir Spahic,Montpellier,43,DF(C),23,1977,1,1,8,1,0.4,79.4,2.1,1,7.34
França,2010/2011,André Ayew,Marseille,34,"ME(CID),DL",32(5),2797,11,2,6,-,1.9,78.8,1.2,3,7.34
França,2010/2011,Kader Mangane,Rennes,41,"DF(C),MC",29,2576,3,-,3,1,1,78,1.9,2,7.29
França,2010/2011,Marvin Martin,Sochaux,36,ME(C),37,3312,3,19,6,-,1.7,82,0.4,2,7.29
França,2010/2011,Benoît Pedretti,Auxerre,43,ME(C),20,1800,5,4,6,-,1.5,77.8,0.8,4,7.27
França,2011/2012,Nenê,PSG,42,"MP(CID),DL",35,3037,21,11,5,-,2.9,74.8,0.2,14,7.94
França,2011/2012,Eden Hazard,Lille,33,"ME(CID),DL",35(3),3212,20,16,2,-,2.8,81.9,0.1,10,7.80
França,2011/2012,Olivier Giroud,Montpellier,37,DL,36,3202,21,9,6,-,4.5,69.1,3.6,8,7.59
França,2011/2012,Jérémy Ménez,PSG,36,"ME(CID),DL",33,2719,7,13,12,-,2.1,80.4,0.2,5,7.50
França,2011/2012,Étienne Capoue,Toulouse,35,"DF(C),ME(CI)",31(2),2819,3,4,6,1,1.5,76.7,2,5,7.39
França,2011/2012,Javier Pastore,PSG,34,MP(CID),30(3),2645,13,6,4,-,2.6,74.4,0.2,4,7.31
França,2011/2012,Yohan Mollo,Nancy,34,"ME(CID),DL",18(1),1504,3,6,2,-,1.6,77.3,0.7,1,7.29
França,2011/2012,Mathieu Debuchy,Lille,38,"DF(CD),ME(D)",32,2845,5,1,9,1,1.3,77.4,2.1,2,7.29
França,2011/2012,Mathieu Valbuena,Marseille,39,ME(CID),27(6),2345,5,13,7,-,1.7,84.8,0.3,5,7.28
França,2011/2012,Bruno Ecuele Manga,Lorient,35,DF(CD),31(1),2799,2,-,8,-,0.8,82.5,3.1,4,7.28
França,2012/2013,Zlatan Ibrahimovic,PSG,42,DL,33(1),2975,30,8,9,1,4.6,74.7,2,13,7.82
França,2012/2013,Étienne Capoue,Toulouse,35,"DF(C),ME(CI)",34,3016,7,3,7,1,1.3,81,3.4,7,7.53
França,2012/2013,Blaise Matuidi,PSG,37,ME(CI),35(2),3132,5,-,3,1,0.8,88.6,0.9,2,7.42
França,2012/2013,Dimitri Payet,Lille,37,"ME(CID),DL",37(1),3225,12,13,3,-,3.6,76.7,0.2,7,7.39
França,2012/2013,Thiago Silva,PSG,39,DF(C),22,1900,-,-,2,1,0.6,89.5,2.1,2,7.39
França,2012/2013,Hilton,Montpellier,46,DF(C),30,2670,1,-,2,-,0.4,80.8,1.8,2,7.38
França,2012/2013,Lamine Sané,Bordeaux,37,"DF(C),ME(C)",33,2944,1,-,2,1,0.6,83.9,4.5,3,7.36
França,2012/2013,Benoit Cheyrou,Marseille,42,ME(C),25,2116,2,2,2,-,1.2,78,1.6,7,7.35
França,2012/2013,Rémy Cabella,Montpellier,34,"ME(CID),DL",26(5),2289,7,8,7,-,1.9,85.4,0.3,4,7.32
França,2012/2013,André Ayew,Marseille,34,"ME(CID),DL",35,3111,9,3,4,1,2.5,79.4,2.7,3,7.31
França,2013/2014,Zlatan Ibrahimovic,PSG,42,DL,32(1),2774,26,11,7,-,4.9,76.4,2.1,9,7.79
França,2013/2014,Loic Perrin,Saint-Etienne,38,DF(C),34,2981,6,1,4,-,0.6,84.9,4.4,7,7.73
França,2013/2014,Jérémy Toulalan,Monaco,40,"DF(C),ME(C)",29,2504,1,1,6,-,0.7,82.6,2.9,4,7.51
França,2013/2014,Mathieu Bodmer,Nice,41,"DF(C),ME(C)",27,2306,2,1,5,-,0.6,84,3.4,4,7.48
França,2013/2014,Layvin Kurzawa,Monaco,31,"DF(I),ME(I)",28,2406,5,3,3,-,1.4,77.4,1.5,5,7.44
França,2013/2014,James Rodríguez,Monaco,32,"MP(CID),DL",30(4),2644,9,12,1,-,2.7,81.1,0.6,4,7.44
França,2013/2014,Sèrge Aurier,Toulouse,31,"DF(CID),ME(D)",34,3045,6,6,11,-,1.7,76.8,2.7,5,7.42
França,2013/2014,Thiago Silva,PSG,39,DF(C),28,2386,3,-,1,-,0.9,92.7,2.5,3,7.42
França,2013/2014,Marko Basa,Lille,41,DF(C),32,2789,2,2,2,-,0.8,91.1,3.6,5,7.38
França,2013/2014,Rémy Cabella,Montpellier,34,"ME(CID),DL",36(1),3206,14,5,2,-,2.7,79.5,0.5,8,7.36
França,2014/2015,Jordan Amavi,Nice,30,"DF(I),ME(I)",36,3233,4,-,11,-,0.5,74.6,3.1,8,7.74
França,2014/2015,Zlatan Ibrahimovic,PSG,42,DL,23(1),2003,19,6,3,-,3.6,77.9,2.2,6,7.73
França,2014/2015,Alexandre Lacazette,Lyon,32,"ME(CID),DL",33,2849,27,6,6,-,2.9,78.8,1.1,8,7.69
França,2014/2015,Loic Perrin,Saint-Etienne,38,DF(C),27(1),2438,1,-,1,-,0.5,84.3,4.3,5,7.59
França,2014/2015,Nicolas Nkoulou,Marseille,34,DF(C),23(1),2111,2,-,5,-,0.5,90.8,3.4,1,7.59
França,2014/2015,Nabil Fekir,Lyon,30,"MP(CID),DL",34,2776,13,9,7,-,2.6,83.8,0.6,7,7.57
França,2014/2015,Hilton,Montpellier,46,DF(C),37,3330,3,-,3,1,0.7,64,3.4,6,7.57
França,2014/2015,Dimitri Payet,Marseille,37,"ME(CID),DL",35(1),3062,7,16,3,-,2,79.1,0.1,7,7.56
França,2014/2015,Marco Verratti,PSG,31,ME(C),28(4),2460,2,8,11,-,0.4,91.4,0.3,5,7.55
França,2014/2015,Layvin Kurzawa,Monaco,31,"DF(I),ME(I)",25(2),2205,-,4,1,-,1.2,77.5,1.9,6,7.54
França,2015/2016,Zlatan Ibrahimovic,PSG,42,DL,29(2),2553,38,13,1,-,5,78.9,1.4,14,8.29
França,2015/2016,Ángel Di María,PSG,36,"ME(CID),DL",26(3),2134,10,18,-,-,2.4,80.5,-,5,7.94
França,2015/2016,Sèrge Aurier,PSG,31,"DF(CID),ME(D)",21,1887,2,2,8,-,1,88.4,2.8,-,7.75
França,2015/2016,Thiago Silva,PSG,39,DF(C),29(1),2622,1,1,3,-,0.5,94.6,2.4,2,7.65
França,2015/2016,Hatem Ben Arfa,Nice,37,"ME(CD),DL",33(1),2844,17,6,2,-,2.7,79.7,0.2,5,7.58
França,2015/2016,Sofiane Boufal,Lille,30,"MP(CID),DL",27(2),2343,11,4,10,2,1.7,77.1,0.4,6,7.56
França,2015/2016,Ousmane Dembélé,Rennes,26,"MP(CID),DL",22(4),1937,12,5,1,-,2.2,72.3,0.3,7,7.55
França,2015/2016,Ricardo Pereira,Nice,30,"DF(ID),ME(D)",26,2281,-,4,6,-,0.1,84.4,1.9,5,7.48
França,2015/2016,Djibril Sidibé,Lille,31,"DF(CID),ME(D)",36(1),3275,4,3,3,-,1.1,78.5,1.5,3,7.45
França,2015/2016,Gregory van der Wiel,PSG,36,"DF(CD),ME(D)",16(1),1381,2,3,2,-,0.5,89.8,1,-,7.45
França,2016/2017,Alexandre Lacazette,Lyon,32,"ME(CID),DL",28(2),2408,28,3,3,-,2.8,78,0.9,7,7.57
França,2016/2017,Marco Verratti,PSG,31,ME(C),25(3),2158,3,5,6,-,0.4,88.4,0.2,3,7.54
França,2016/2017,Ryad Boudebouz,Montpellier,34,"ME(CID),DL",33,2925,11,9,4,-,1.8,78.8,0.9,7,7.52
França,2016/2017,Fabinho,Monaco,30,"DF(CD),MC",33(4),3071,9,1,8,-,0.8,84.4,1.8,2,7.51
França,2016/2017,Thomas Lemar,Monaco,28,MP(CID),28(6),2612,9,10,1,-,1.7,82.8,0.3,5,7.48
França,2016/2017,Loic Perrin,Saint-Etienne,38,DF(C),26(1),2246,4,1,1,-,0.8,87.7,2.9,3,7.47
França,2016/2017,Maxime Gonalons,Lyon,35,"DF(C),ME(C)",28(1),2432,1,1,7,1,0.7,90,2.8,2,7.44
França,2016/2017,Marçal,Guingamp,35,"DF(CI),ME(I)",31,2689,-,7,3,1,0.5,79.2,1.8,3,7.43
França,2016/2017,Lucas Moura,PSG,31,"MP(CID),DL",29(8),2435,12,5,-,-,1.8,82.7,0.5,4,7.41
França,2016/2017,Thomas Meunier,PSG,32,"DF(D),ME(D)",18(4),1692,1,4,3,-,1,86.2,1.5,1,7.39
França,2017/2018,Neymar,PSG,32,"MP(CID),DL",20,1788,19,13,4,1,4.5,79.6,0.2,12,8.95
França,2017/2018,Florian Thauvin,Marseille,31,"ME(CID),DL",35,2966,22,11,7,-,3.7,78.2,0.4,13,7.93
França,2017/2018,Nabil Fekir,Lyon,30,"MP(CID),DL",28(2),2481,18,8,8,-,3,85.3,0.7,12,7.86
França,2017/2018,Edinson Cavani,PSG,37,"MP(ID),DL",30(2),2589,28,6,3,-,3.3,80.2,0.3,2,7.69
França,2017/2018,Kylian Mbappé,PSG,25,"MP(CID),DL",24(3),2097,13,8,2,-,2.9,83.1,0.3,7,7.54
França,2017/2018,Dimitri Payet,Marseille,37,"ME(CID),DL",28(3),2358,6,13,6,-,1.9,80.6,0.2,4,7.54
França,2017/2018,Fabinho,Monaco,30,"DF(CD),MC",34,3060,7,3,8,-,0.7,86.3,2.9,6,7.51
França,2017/2018,Malcom,Bordeaux,27,MP(CID),32(3),2867,12,7,2,-,2.1,82.1,0.5,8,7.46
França,2017/2018,Dani Alves,PSG,40,"DF(D),ME(CD)",23(2),2063,1,7,7,1,1.1,87.8,0.7,1,7.45
França,2017/2018,Bertrand Traoré,Lyon,28,"MP(D),DL",27(4),2292,13,4,3,-,2.6,82.7,0.9,2,7.43
França,2018/2019,Kylian Mbappé,PSG,25,"MP(CID),DL",24(5),2344,33,7,5,1,4.3,79.4,0.1,9,8.00
França,2018/2019,Téji Savanier,Nimes,32,ME(C),32,2866,6,14,7,1,2.1,71.4,1.6,8,7.89
França,2018/2019,Nicolas Pépé,Lille,28,"MP(CID),DL",37(1),3332,22,11,1,-,3.1,79.1,1.2,13,7.62
França,2018/2019,Ángel Di María,PSG,36,"ME(CID),DL",28(2),2339,12,11,2,-,3.2,78.8,-,2,7.52
França,2018/2019,Youcef Atal,Nice,27,"DF(D),ME(D)",25(4),2261,6,-,8,-,1.2,83.6,1.6,8,7.48
França,2018/2019,Edinson Cavani,PSG,37,"MP(ID),DL",20(1),1676,18,5,1,-,2.5,76.3,0.2,2,7.44
França,2018/2019,Hatem Ben Arfa,Rennes,37,"ME(CD),DL",23(3),2037,7,2,1,-,2.1,85.2,0.2,5,7.35
França,2018/2019,Memphis Depay,Lyon,30,"MP(CI),DL",29(7),2737,10,10,5,-,3.1,80.1,0.3,3,7.34
França,2018/2019,Nabil Fekir,Lyon,30,"MP(CID),DL",24(5),1991,9,7,5,-,3.1,85.2,0.5,5,7.31
França,2018/2019,Flavien Tait,Angers,31,ME(CID),34(2),2995,5,7,2,-,2.4,78.8,0.3,4,7.30
França,2019/2020,Neymar,PSG,32,"MP(CID),DL",15,1322,13,6,2,1,4.7,80.6,0.1,8,8.58
França,2019/2020,Kylian Mbappé,PSG,25,"MP(CID),DL",17(3),1516,18,5,-,-,4.4,80.4,0.2,6,8.14
França,2019/2020,Ángel Di María,PSG,36,"ME(CID),DL",23(3),2005,8,14,2,-,2.8,78.5,-,6,7.75
França,2019/2020,Dimitri Payet,Marseille,37,"ME(CID),DL",22,1937,9,4,5,1,2.9,76.6,0.4,8,7.73
França,2019/2020,Téji Savanier,Montpellier,32,ME(C),18(1),1532,6,2,5,-,1.6,79,1.2,3,7.45
França,2019/2020,Wissam Ben Yedder,Monaco,33,"MP(C),DL",25(1),2173,18,4,2,-,2.5,74.9,0.5,5,7.35
França,2019/2020,Idrissa Gueye,PSG,34,ME(C),19(1),1655,1,2,2,-,0.6,92.7,0.9,1,7.33
França,2019/2020,Marco Verratti,PSG,31,ME(C),15(5),1482,-,5,6,-,0.1,92.5,0.4,-,7.32
França,2019/2020,Mounir Chouiar,Dijon,25,MP(CI),18(2),1514,4,-,3,1,2,76.2,0.7,4,7.30
França,2019/2020,Hassane Kamara,Reims,30,"DF(I),ME(ID)",18(5),1706,2,-,5,-,1.3,83.8,1.2,7,7.23
França,2020/2021,Kylian Mbappé,PSG,25,"MP(CID),DL",27(4),2389,27,7,5,-,3.4,80.7,0.2,6,7.68
França,2020/2021,Andy Delort,Montpellier,32,"MP(D),DL",30,2494,15,9,4,-,3,62.5,4.7,6,7.60
França,2020/2021,Memphis Depay,Lyon,30,"MP(CI),DL",33(4),2932,20,12,4,-,3,76.1,0.4,9,7.56
França,2020/2021,Ángel Di María,PSG,36,"ME(CID),DL",23(4),1863,4,9,1,-,2.2,81.2,-,5,7.33
França,2020/2021,Karl Toko-Ekambi,Lyon,31,"MP(ID),DL",34(1),2830,14,6,3,-,2.6,80.3,1,6,7.32
França,2020/2021,Benjamin André,Lille,33,"DF(D),ME(CID)",35,2903,-,1,10,-,0.5,84.1,2.7,6,7.27
França,2020/2021,Téji Savanier,Montpellier,32,ME(C),26(1),2175,5,5,6,1,2.1,74.4,0.7,6,7.26
França,2020/2021,Gaëtan Laborde,Montpellier,29,"MP(CID),DL",38,3270,16,8,3,-,2.6,67,3.6,4,7.25
França,2020/2021,Marco Verratti,PSG,31,ME(C),16(5),1491,-,2,7,-,0.5,91.7,0.6,2,7.24
França,2020/2021,Fabien Centonze,Metz,28,"DF(D),ME(D)",36,3222,1,-,9,-,0.7,79.5,1.6,1,7.23
França,2021/2022,Kylian Mbappé,PSG,25,"MP(CID),DL",34(1),3032,28,17,10,-,4.2,82.2,0.1,12,8.04
França,2021/2022,Lionel Messi,PSG,36,"MP(CD),DL",24(2),2153,6,14,-,-,3.4,86.7,0.2,5,7.77
França,2021/2022,Neymar,PSG,32,"MP(CID),DL",22,1861,13,6,10,-,2.5,82.2,0.2,2,7.65
França,2021/2022,Benjamin Bourigeaud,Rennes,30,ME(CID),38,3215,11,12,2,-,1.3,76.9,0.4,4,7.44
França,2021/2022,Dimitri Payet,Marseille,37,"ME(CID),DL",28(3),2597,12,10,3,-,2.2,81.8,0.1,6,7.44
França,2021/2022,Martin Terrier,Rennes,27,"MP(CI),DL",37,2805,21,3,1,-,2.4,81.1,1.1,4,7.41
França,2021/2022,Téji Savanier,Montpellier,32,ME(C),28(1),2422,8,7,7,2,2.8,72.4,0.5,8,7.40
França,2021/2022,Aurélien Tchouaméni,Monaco,24,"DF(C),MC",33(2),2933,3,2,9,1,1.6,86.7,2.2,5,7.32
França,2021/2022,Sofiane Boufal,Angers,30,"MP(CID),DL",28(1),2345,8,4,6,-,2.2,78.3,0.4,5,7.27
França,2021/2022,Lucas Paquetá,Lyon,26,"ME(CID),DL",32(3),2713,9,6,3,-,2.5,79.6,1.3,4,7.24
França,2022/2023,Lionel Messi,PSG,36,"MP(CD),DL",32,2842,16,16,-,-,4,83.1,-,14,8.28
França,2022/2023,Kylian Mbappé,PSG,25,"MP(CID),DL",32(2),2822,29,5,6,-,4.4,82.9,0.2,7,7.80
França,2022/2023,Neymar,PSG,32,"MP(CID),DL",18(2),1553,13,11,4,1,1.9,82.7,0.1,3,7.71
França,2022/2023,Alexandre Lacazette,Lyon,32,"ME(CID),DL",34(1),2938,27,5,3,-,3.3,75.5,0.8,5,7.42
França,2022/2023,Rémy Cabella,Lille,34,"ME(CID),DL",28(4),2535,7,10,3,-,1.3,84.3,0.3,5,7.38
França,2022/2023,Téji Savanier,Montpellier,32,ME(C),30,2557,12,4,4,3,2.1,77.9,0.4,7,7.28
França,2022/2023,Enzo Le Fée,Lorient,24,ME(CID),35,3039,5,5,5,-,1.3,84.7,0.3,5,7.26
França,2022/2023,Jonathan David,Lille,24,"MP(C),DL",36(1),3179,24,4,6,-,2.9,82.7,0.4,5,7.18
França,2022/2023,Benjamin André,Lille,33,"DF(D),ME(CID)",33(1),2919,1,1,12,-,0.7,84.3,2.7,3,7.16
França,2022/2023,Benjamin Lecomte,Montpellier,32,POR,19,1710,-,-,-,-,-,60,0.3,1,7.15
França,2023/2024,Kylian Mbappé,PSG,25,"MP(CID),DL",22(4),1935,24,6,3,-,4.2,85.1,-,7,7.70
França,2023/2024,Romain Del Castillo,Brest,28,"MP(CID),DL",27(2),2296,8,8,4,-,1.4,75.9,0.8,7,7.46
França,2023/2024,Téji Savanier,Montpellier,32,ME(C),29,2532,8,5,6,-,2.7,75.8,0.7,5,7.33
França,2023/2024,Aleksandr Golovin,Monaco,27,ME(CID),25,2155,6,6,9,1,1.8,80.7,0.5,3,7.30
França,2023/2024,Pierre Lees-Melou,Brest,30,ME(CID),27,2403,4,-,9,1,1.9,86.4,0.7,4,7.28
França,2023/2024,Vitinha,PSG,24,ME(C),20(5),1860,7,4,-,-,1.6,90.7,0.1,1,7.26
França,2023/2024,Ousmane Dembélé,PSG,26,"MP(CID),DL",15(8),1346,1,8,-,-,1.6,81.6,0.1,4,7.26
França,2023/2024,Edon Zhegrova,Lille,25,MP(D),22(5),1932,5,5,2,-,2.5,82.6,0.2,5,7.23
França,2023/2024,Wilfried Singo,Monaco,23,"DF(CD),ME(D)",21,1890,1,1,7,-,0.9,86.8,2.9,2,7.23
França,2023/2024,Manuel Ugarte,PSG,23,MC,19(3),1726,-,2,5,-,0.3,91.6,0.5,-,7.20
